Date	ca	fr	ge	it	jp	uk	us
1/1/03	560.099	902.081	724.932	290.187	1593.175	791.076	824.583
1/2/03	574.701	927.206	768.15	296.963	1578.214	797.813	852.219
1/3/03	580.212	929.297	768.411	298.757	1578.411	800.175	851.935
1/6/03	589.619	943.002	788.164	303.273	1619.7	803.966	871.515
1/7/03	585.822	923.785	774.054	297.892	1590.951	793.625	865.992
1/8/03	576.522	900.435	742.414	293.791	1564.566	783.566	853.401
1/9/03	584.049	923.589	759.251	299.526	1569.706	789.255	869.893
1/10/03	590.395	927.235	763.505	299.719	1565.966	798.244	870.275
1/13/03	593.748	928.45	770.37	301.314	1573.799	792.042	869.034
1/14/03	595.279	934.252	782.326	302.462	1599.104	793.344	874.638
1/15/03	595.393	922.489	770.978	299.921	1619.822	779.75	861.946
1/16/03	597.099	921.971	771.547	301.223	1620.413	779.596	858.343
1/17/03	591.288	905.119	743.769	294.109	1627.923	772.871	846.057
1/20/03	590.027	894.897	738.637	290.459	1607.091	760.017	846.057
1/21/03	584.8	886.164	732.892	286.526	1622.186	752.112	833.025
1/22/03	587.696	869.289	717.048	282.995	1608.26	742.283	824.615
1/23/03	592.169	868.373	723.415	283.229	1643.821	735.885	833.194
1/24/03	586.711	865.395	702.221	281.717	1629.401	735.892	808.82
1/27/03	575.65	834.257	683.843	277.059	1592.634	711.505	795.459
1/28/03	574.174	835.955	690.809	277.782	1580.393	716.291	805.931
1/29/03	578.307	850.819	701.922	281.956	1557.454	718.871	811.521
1/30/03	573.581	866.411	692.103	284.22	1543.313	737.556	792.925
1/31/03	575.135	871.914	705.34	285.791	1528.492	734.775	803.601
2/3/03	582.233	878.593	706.888	288.582	1549.967	756.252	807.778
2/4/03	578.428	861.338	685.234	284.073	1567.614	739.922	796.194
2/5/03	575.389	863.016	705.9	287.546	1569.649	756.82	791.849
2/6/03	572.179	848.645	686.838	284.052	1560.523	737.688	786.882
2/7/03	571.451	834.851	665.879	283.811	1552.521	734.229	778.848
2/10/03	566.33	823.769	667.326	281.517	1547.428	729.434	784.78
2/11/03	567.998	840.746	674.246	287.51	1542.648	742.009	778.138
2/12/03	566.787	820.786	660.441	285.354	1569.867	730.818	767.906
2/13/03	569.289	823.643	662.117	287.21	1568.992	731.746	766.601
2/14/03	572.674	842.098	689.257	290.096	1580.428	728.121	782.949
2/17/03	579.967	854.688	693.658	291.235	1589.858	738.21	782.949
2/18/03	583.739	869.782	698.886	293.875	1593.498	741.799	798.812
2/19/03	581.868	850.946	673.969	289.396	1594.08	729.364	793.311
2/20/03	585.721	842.477	671.118	290.668	1591.286	734.61	785.739
2/21/03	585.854	850.484	684.745	296.05	1569.057	741.269	796.166
2/24/03	584.578	836.269	662.797	294.554	1583.215	733.381	781.697
2/25/03	585.373	804.389	640.039	286.769	1550.984	711.758	787.162
2/26/03	585.968	799.703	633.438	287.562	1552.434	710.162	776.746
2/27/03	594.091	814.041	646.383	292.622	1545.431	703.829	785.903
2/28/03	594.263	829.185	656.194	294.671	1537.133	719.016	789.797
3/3/03	589.017	836.612	660.895	293.197	1552.975	727.391	783.963
3/4/03	587.429	816.293	652.645	289.995	1556.293	716.215	772.083
3/5/03	587.49	815.446	655.1	287.997	1555.991	712.326	779.928
3/6/03	581.492	810.12	640.274	279.616	1538.904	711.717	772.678
3/7/03	589.052	794.692	642.986	276.387	1512.4	700.031	778.991
3/10/03	581.862	778.535	617.837	270.249	1491.442	686.563	758.74
3/11/03	580.797	773.285	612.107	270.463	1457.865	692.201	752.554
3/12/03	573.494	738.837	582.971	257.065	1476.676	662.643	755.508
3/13/03	576.836	775.381	613.096	264.211	1452.253	698.403	781.431
3/14/03	575.058	818.917	617.836	270.805	1468.069	712.286	782.863
3/17/03	588.231	840.71	634.585	275.759	1454.552	731.585	810.597
3/18/03	590.264	827.673	655.865	270.76	1462.22	731.205	814.226
3/19/03	590.155	837.609	660.32	274.266	1465.327	734.339	821.083
3/20/03	593.987	827.648	658.873	270.682	1490.511	735.419	823.011
3/21/03	595.585	853.041	681.355	276.841	1474.62	752.406	841.737
3/24/03	583.534	812.562	648.134	271.049	1529.332	736.107	811.949
3/25/03	586.874	835.8	671.237	277.002	1497.368	737.568	821.716
3/26/03	585.604	830.724	656.599	276.267	1512.087	744.36	817.066
3/27/03	588.025	815.253	660.511	273.069	1518.846	730.656	815.607
3/28/03	589.879	821.434	645.719	275.822	1499.307	725.589	810.819
3/31/03	585.342	798.361	631.364	271.429	1460.743	712.969	796.075
4/1/03	585.106	804.419	636.732	273.77	1465.905	723.365	805.791
4/2/03	589.329	827.863	664.406	278.879	1471.893	734.331	826.994
4/3/03	589.509	837.367	656.868	280.644	1458.742	738.204	822.847
4/4/03	589.33	848.591	675.656	281.168	1453.88	742.876	825.203
4/7/03	589.594	871.661	709.024	286.456	1479.408	760.631	826.457
4/8/03	593.798	862.878	702.38	288.347	1465.323	748.006	824.927
4/9/03	592.005	862.839	695.443	287.303	1452.687	748.835	813.233
4/10/03	597.469	847.568	691.21	288.186	1449.989	745.983	818.3
4/11/03	599.539	851.902	695.489	288.228	1412.852	745.874	815.287
4/14/03	603.519	864.933	707.833	290.367	1402.05	755.807	831.132
4/15/03	605.334	879.803	721.589	293.234	1423.809	767.294	836.091
4/16/03	605.052	877.901	724.235	291.479	1421.396	758.25	826.054
4/17/03	609.026	883.339	745.507	296.339	1430.068	765.917	839.073
4/18/03	609.026	883.339	745.507	296.339	1432.56	765.917	839.073
4/21/03	611.963	879.532	742.293	295.062	1435.912	758.665	837.734
4/22/03	615.606	892.598	764.575	299.709	1419.474	771.33	856.006
4/23/03	616.314	904.276	767.463	302.294	1415.591	783.676	863.677
4/24/03	609.782	891.894	752.437	302.596	1433.574	777.127	856.607
4/25/03	607.699	880.763	737.708	297.079	1401.878	769.887	844.567
4/28/03	612.384	903.618	764.049	303.447	1385.404	783.353	859.624
4/29/03	613.45	905.117	755.208	303.35	1387.307	780.915	862.282
4/30/03	622.059	920.522	772.719	308.009	1449.221	784.601	861.537
5/1/03	626.345	928.977	779.816	310.838	1459.957	781.486	861.267
5/2/03	628.243	929.402	785.815	309.823	1462.715	792.51	874.129
5/5/03	637.038	946.725	796.875	313.989	1466.168	793.993	870.769
5/6/03	641.982	970.123	816.096	320.174	1507.111	809.526	878.047
5/7/03	640.576	962.331	799.377	319.543	1530.301	795.826	873.75
5/8/03	641.39	942.084	774.654	317.829	1510.954	787.19	865.089
5/9/03	646.64	953.656	794.854	319.26	1519.031	795.435	877.529
5/12/03	655.493	955.79	793.592	320.461	1533.276	803.259	888.563
5/13/03	652.185	953.755	784.255	319.289	1534.636	804.871	885.915
5/14/03	661.863	952.129	786.786	320.216	1545.35	806.395	883.48
5/15/03	665.277	960.517	801.241	323.217	1524.158	816.18	890.341
5/16/03	667.021	964.575	805.558	325.615	1520.044	824.45	888.255
5/19/03	670.553	936.344	778.984	319.857	1498.854	808.725	866.034
5/20/03	673.179	935.602	773.998	319.43	1501.824	814.082	864.889
5/21/03	673.497	938.768	773.496	318.254	1485.916	810.474	868.538
5/22/03	671.044	946.544	783.058	323.197	1496.617	816.543	876.747
5/23/03	664.77	950.549	777.834	327.814	1525.237	816.369	878.301
5/26/03	666.848	954.092	784.196	330.112	1527.776	816.743	878.301
5/27/03	673.009	957.144	796.316	334.759	1505.431	820.973	895.549
5/28/03	666.876	964.007	799.807	335.728	1499.188	833.124	896.917
5/29/03	671.468	976.697	801.892	340.449	1524.767	843.582	893.412
5/30/03	674.241	976.241	816.713	340.239	1518.857	830.188	906.164
6/2/03	684.162	990.476	835.691	342.428	1549.795	844.176	909.204
6/3/03	679.123	988.461	824.69	338.996	1549.69	839.509	913.472
6/4/03	695.471	994.871	836.447	338.704	1553.33	843.206	927.158
6/5/03	707.349	1000.949	837.602	342.063	1586.649	850.94	930.799
6/6/03	701.494	1009.386	849.835	340.723	1589.669	866.054	928.609
6/9/03	692.596	1002.133	845.667	339.142	1609.729	853.517	917.13
6/10/03	696.147	1003.977	852.496	339.176	1605.654	850.77	925.507
6/11/03	707.209	1023.499	866.479	345.142	1615.66	868.413	937.46
6/12/03	708.777	1031.631	875.53	346.454	1617.849	871.543	938.164
6/13/03	703.082	1024.252	866.439	345.8	1628.949	865.082	928.817
6/16/03	712.763	1050.593	895.948	352.108	1608.783	875.775	949.403
6/17/03	714.26	1055.769	898.569	352.142	1631.517	888.449	950.361
6/18/03	715.176	1049.927	893.412	351.418	1640.517	885.828	948.608
6/19/03	703.846	1034.473	877.708	347.909	1641.722	869.218	934.578
6/20/03	701.584	1037.229	870.741	348.376	1649.777	869.905	935.378
6/23/03	692.684	1005.045	849.886	335.721	1668.239	855.292	922.17
6/24/03	688.736	997.057	856.362	337.605	1625.8	847.905	923.581
6/25/03	696.766	1002.316	855.17	340.079	1628.691	854.976	916.506
6/26/03	694.272	989.5	857.113	334.286	1612.281	843.959	926.492
6/27/03	691.406	988.616	851.574	333.356	1637.848	843.357	917.708
6/30/03	690.746	985.841	855.323	329.318	1630.444	835.794	916.093
7/1/03	695.661	973.744	844.195	326.269	1668.312	827.834	922.979
7/2/03	700.458	988.339	862.677	326.489	1728.606	838.036	933.728
7/3/03	703.705	992.905	863.696	325.084	1765.181	846.608	926.364
7/4/03	701.988	983.538	859.536	325.507	1750.663	843.351	926.364
7/7/03	704.883	1006.096	872.959	328.749	1787.058	845.876	944.188
7/8/03	699.616	1001.545	872.482	327.91	1803.385	838.568	947.409
7/9/03	694.566	993.165	869.035	326.6	1820.893	831.785	942.464
7/10/03	685.964	981.678	857.033	324.869	1805.506	826.014	929.587
7/11/03	688.908	989.813	868.695	326.828	1749.906	832.407	938.529
7/14/03	696.419	1002.511	884.307	329.134	1769.815	842.765	944.316
7/15/03	686.958	993.779	877.968	327.079	1773.608	825.867	941.355
7/16/03	686.432	983.377	876.951	324.852	1752.696	817.827	935.048
7/17/03	682.442	975.653	860.136	323.14	1704.725	811.248	923.623
7/18/03	679.878	978.343	871.711	325.403	1709.071	811.099	934.407
7/21/03	683.566	974.161	860.119	326.241	1715.273	812.421	920.686
7/22/03	687.011	980.145	870.463	328.187	1700.119	821.208	929.235
7/23/03	692.002	987.242	873.359	329.768	1725.504	826.127	929.892
7/24/03	701.766	1011.832	895.49	334.662	1732.15	842.047	922.973
7/25/03	708.942	1000.979	895.157	333.667	1737.885	842.57	939.077
7/28/03	708.513	1013.256	906.792	335.262	1750.718	847.308	937.229
7/29/03	701.616	1006.753	910.357	332.187	1747.569	845.634	930.802
7/30/03	692.552	1003.257	901.495	329.304	1702.325	841.821	929.095
7/31/03	692.495	1003.094	905.974	328.474	1696.57	839.739	931.836
8/1/03	694.939	990.274	893.559	325.461	1708.497	828.65	922.227
8/4/03	690.705	989.177	891.99	325.938	1685.745	829.932	924.69
8/5/03	688.19	1003.887	901.14	327.108	1676.901	832.536	908.052
8/6/03	681.495	986.386	887.271	325.043	1665.436	824.173	909.272
8/7/03	691.431	990.533	878.805	326.425	1672.413	832.021	916.129
8/8/03	699.088	995.436	873.151	326.681	1672.861	838.315	919.296
8/11/03	710.197	1002.688	874.799	329.697	1704.619	840.356	922.236
8/12/03	714.69	1005.461	883.194	330.226	1713.768	841.764	931.212
8/13/03	716.076	1007.149	889.05	330.512	1736.76	844.361	925.168
8/14/03	716.845	1019.637	900.448	333.364	1767.504	851.544	931.109
8/15/03	716.266	1023.036	898.513	333.127	1764.403	850.738	931.449
8/18/03	717.319	1021.467	906.451	332.747	1782.201	853.763	940.167
8/19/03	716.879	1017.875	899.75	330.115	1808.898	846.948	942.575
8/20/03	719.017	1011.908	902.182	328.785	1848.038	844.278	940.61
8/21/03	717.71	1005.074	905.672	323.229	1869.836	839.899	943.335
8/22/03	711.55	1003.947	893.813	320.961	1866.848	835.615	933.813
8/25/03	714.379	996.876	885.068	319.344	1855.181	836.306	934.228
8/26/03	718.257	984.099	872.847	315.983	1859.545	825.375	936.978
8/27/03	718.786	992.336	881.342	317.661	1853.598	832.022	937.18
8/28/03	723.298	1007.096	885.946	318.664	1845.427	833.231	942.938
8/29/03	727.482	1010.438	890.829	317.833	1875.095	828.204	947.8
9/1/03	730.457	1025.6	911.842	321.246	1927.095	831.459	947.8
9/2/03	733.558	1017.325	901.594	318.728	1937.515	831.946	960.709
9/3/03	736.009	1031.746	918.064	321.518	1952.085	842.552	964.59
9/4/03	744.904	1035.077	928.916	323.016	1931.737	845.305	966.32
9/5/03	746.912	1041.792	925.632	325.769	1930.467	849.616	960.237
9/8/03	748.973	1053.004	940.144	330.688	1934.613	856.915	970.21
9/9/03	746.819	1050.3	934.427	330.594	1976.109	852.763	961.992
9/10/03	746.05	1038.815	921.734	329.204	1957.753	850.408	949.826
9/11/03	745.385	1040.36	927.67	328.627	1915.797	850.901	955.014
9/12/03	747.919	1044.083	922.409	331.018	1947.822	855.132	957.013
9/15/03	744.131	1047.647	924.516	330.871	1945.833	858.134	953.063
9/16/03	749.976	1052.298	927.846	330.72	2000.912	859.277	966.633
9/17/03	747.666	1059.661	930.726	332.523	2022.082	865.87	963.619
9/18/03	747.173	1067.453	945.401	337.843	2049.751	877	976.565
9/19/03	756.275	1063.175	944.444	340.186	2056.335	873.844	973.3
9/22/03	754.491	1046.858	923.067	336.226	2029.544	876.914	960.722
9/23/03	757.994	1041.525	911.833	335.883	2037.829	878.374	966.669
9/24/03	754.178	1042.039	884.862	335.83	2037.789	882.873	948.173
9/25/03	749.264	1036.433	893.685	334.502	1986.203	878.732	942.12
9/26/03	736.406	1025.792	888.69	330.911	1985.171	867.981	936.13
9/29/03	737.772	1023.256	893.505	332.108	1977.44	865.608	945.515
9/30/03	739.084	1014.757	884.312	330.016	1979.757	855.78	935.569
10/1/03	750.387	1038.145	908.278	336.944	2023.73	874.569	956.213
10/2/03	756.129	1037.366	892.84	334.883	2074.609	884.314	958.145
10/3/03	752.186	1064.483	925.212	339.685	2097.558	895.64	967.254
10/6/03	756.617	1062.484	925.001	338.688	2097.067	897.617	971.329
10/7/03	763.814	1062.296	919.909	340.864	2135.201	896.243	975.955
10/8/03	764.424	1064.602	934.969	342.122	2088.674	891.471	970.928
10/9/03	765.352	1081.802	952.138	343.992	2103.791	902.253	975.375
10/10/03	774.367	1081.852	954.927	344.034	2148.537	903.497	974.943
10/13/03	775.392	1087.582	963.331	343.651	2141.145	912.749	981.718
10/14/03	786.412	1085.054	964.799	344.492	2163.47	908.024	985.605
10/15/03	788.582	1087.927	969.059	346.847	2141.5	915.678	982.7
10/16/03	795.987	1086.513	975.802	348.424	2171.392	916.662	986.045
10/17/03	788.606	1079.167	954.895	344.649	2171.022	912.576	975.939
10/20/03	785.23	1082.106	968.814	346.119	2175.283	915.521	980.924
10/21/03	793.027	1084.558	976.31	346.693	2170.003	916.742	982.449
10/22/03	794.443	1074.81	960.318	344.793	2142.572	909.578	967.492
10/23/03	785.015	1063.02	961.368	342.419	2025.479	901.233	970.866
10/24/03	780.698	1068.49	952.327	344.02	2044.689	903.449	966.759
10/27/03	783.379	1076.347	965.98	344.758	2078.389	905.164	968.887
10/28/03	788.151	1082.167	976.833	343.817	2103.272	908.785	983.945
10/29/03	789.874	1087.963	984.71	344.981	2137.797	910.989	985.118
10/30/03	790.255	1093.404	990.725	347.018	2124.099	917.695	984.029
10/31/03	788.097	1084.125	989.597	346.156	2070.23	912.825	987.494
11/3/03	788.542	1091.187	999.537	346.26	2046.495	913.955	995.418
11/4/03	788.11	1091.652	1001.287	347.695	2135.311	911.448	989.955
11/5/03	790.664	1080.115	993.897	346.038	2116.516	907.959	988.833
11/6/03	788.776	1080.278	992.022	346.19	2058.066	905.792	994.747
11/7/03	794.194	1096.677	1007.698	351.594	2088.793	916.555	990.088
11/10/03	796.879	1090.062	1001.526	351.595	2092.875	910.931	984.25
11/11/03	791.616	1086.264	998.125	349.28	2028.889	907.992	983.553
11/12/03	800.856	1098.566	1012.483	354.218	2023.997	918.971	995.111
11/13/03	798.451	1106.702	1023.904	358.613	2061.291	923.755	995.271
11/14/03	795.628	1126.016	1037.786	362.368	2034.981	928.578	987.767
11/17/03	793.832	1099.317	1006.518	357.032	1959.234	918.852	981.574
11/18/03	793.192	1107.832	1013.45	362.327	1979.388	928.184	972.681
11/19/03	801.36	1106.517	1011.563	362.404	1920.239	922.652	980.638
11/20/03	801.972	1100.832	1007.152	361.362	1962.453	920.69	972.412
11/21/03	799.213	1114.856	1009.555	361.716	1964.565	923.213	974.005
11/24/03	797.115	1115.596	1021.458	363.615	1957.103	931.517	989.472
11/25/03	797.759	1119.903	1022.393	365.043	1974.252	934.108	991.259
11/26/03	809.302	1131.853	1028.019	369.131	2013.514	936.705	995.557
11/27/03	808.713	1136.071	1034.174	370.423	2020.703	937.391	995.557
11/28/03	810.518	1140.099	1042.222	373.787	2006.1	936.411	995.401
12/1/03	815.39	1159.11	1060.429	377.357	2050.025	951.581	1006.56
12/2/03	820.095	1165.282	1069.164	381.508	2067.532	949.672	1003.631
12/3/03	822.091	1176.479	1089.99	384.653	2064.897	952.223	1001.536
12/4/03	818.268	1170.561	1085.355	385.706	2083.18	945.119	1006.185
12/5/03	822.201	1165.232	1083.219	385.866	2078.69	946.029	998.333
12/8/03	825.772	1164.832	1080.29	386.537	2039.559	948.293	1005.607
12/9/03	817.229	1171.072	1090.515	386.466	2042.403	956.854	996.744
12/10/03	810.462	1168.39	1086.402	384.8	1991.834	950.346	995.804
12/11/03	805.631	1168.601	1088.043	384.502	2012.947	947.511	1007.184
12/12/03	813.799	1181.052	1099.307	386.303	2040.746	952.834	1009.87
12/15/03	809.513	1190.716	1106.161	389.622	2093.761	953.331	1004.254
12/16/03	813.15	1192.083	1106.465	390.435	2056.581	951.474	1010.809
12/17/03	814.902	1194.663	1106.402	392.928	2031.378	962.393	1011.95
12/18/03	821.236	1201.539	1111.889	394.252	2029.49	974.794	1024.205
12/19/03	816.85	1198.565	1117.12	390.484	2060.563	976.091	1023.802
12/22/03	823.032	1203.187	1117.415	385.9	2084.133	977.884	1027.647
12/23/03	825.077	1204.352	1125.369	385.343	2085.2	984.474	1030.704
12/24/03	831.618	1210.951	1128.54	386.429	2082.145	989.352	1028.967
12/25/03	831.618	1210.951	1128.54	386.429	2083.154	989.352	1028.967
12/26/03	837.098	1210.465	1128.087	386.274	2095.986	990.439	1030.574
12/29/03	845.659	1217.322	1145.679	389.373	2112.802	990.549	1043.389
12/30/03	841.733	1225.194	1153.287	388.664	2149.087	999.089	1043.344
12/31/03	853.242	1243.048	1160.927	391.238	2144.375	1006.081	1045.407
1/1/04	853.242	1243.048	1160.927	391.238	2144.375	1006.081	1045.407
1/2/04	862.182	1254.192	1174.645	397.729	2147.38	1012.559	1042.471
1/5/04	877.372	1267.349	1187.936	402.574	2197.629	1022.837	1055.297
1/6/04	877.707	1270.29	1195.74	407.176	2189.37	1029.508	1056.434
1/7/04	876.058	1253.86	1181.974	398.553	2180.714	1021.813	1058.641
1/8/04	878.574	1266.922	1196.962	404.229	2189.319	1031.717	1064.006
1/9/04	881.353	1272.515	1199.9	407.267	2204.086	1035.917	1054.696
1/12/04	880.706	1263.522	1190.263	405.87	2202.844	1033.968	1059.837
1/13/04	884.827	1267.221	1188.711	404.608	2190.497	1032.258	1053.85
1/14/04	872.776	1269.31	1195.718	404.925	2196.932	1031.31	1062.555
1/15/04	870.579	1266.68	1191.153	404.304	2168.421	1020.725	1063.865
1/16/04	878.536	1260.498	1184.447	398.599	2185.557	1016.257	1071.482
1/19/04	885.191	1265.601	1191.345	401.861	2204.642	1013.402	1071.482
1/20/04	898.822	1274.991	1200.261	407.144	2211.993	1027.165	1070.519
1/21/04	889.49	1285.529	1214.708	410.282	2210.563	1038.047	1078.885
1/22/04	887.306	1299.766	1224.35	412.492	2225.862	1036.353	1075.402
1/23/04	883.792	1297.006	1222.727	412.007	2239.764	1026.336	1073.09
1/26/04	880.704	1279.003	1204.356	407.744	2219.483	1015.372	1086.172
1/27/04	883.362	1291.672	1210.759	411.605	2221.773	1015.362	1075.177
1/28/04	865.838	1291.84	1213.037	411.844	2214.821	1025.276	1060.619
1/29/04	849.45	1255.587	1176.634	401.511	2191.907	1003.073	1065.699
1/30/04	861.412	1252.325	1171.389	399.223	2183.118	1002.61	1063.191
2/2/04	870.833	1262.903	1176.782	400.714	2191.646	1000.909	1066.707
2/3/04	872.086	1265.673	1184.179	402.105	2178.017	1013.219	1067.124
2/4/04	859.794	1250.893	1172.507	401.384	2130.442	1009.356	1058.114
2/5/04	863.388	1259.859	1176.699	401.859	2139.541	1012.184	1059.526
2/6/04	874.373	1276.008	1195.557	406.519	2146.967	1021.645	1072.867
2/9/04	881.355	1287.378	1208.063	410.15	2132.702	1034.333	1069.983
2/10/04	883.432	1291.144	1213.246	410.744	2135.363	1031.468	1075.464
2/11/04	885.088	1292.452	1214.603	410.355	2135.363	1031.163	1086.786
2/12/04	888.258	1309.064	1229.135	415.224	2152.547	1039.429	1081.422
2/13/04	889.149	1294.087	1207.752	409.759	2173.215	1045.331	1075.458
2/16/04	892.607	1303.302	1211.097	411.063	2175.893	1044.923	1075.458
2/17/04	897.18	1315.574	1222.57	414.958	2189.756	1064.176	1085.543
2/18/04	891.501	1318.537	1222.14	415.065	2173.977	1061.741	1080.618
2/19/04	876.277	1320.107	1220.748	412.466	2169.213	1070.211	1075.757
2/20/04	862.001	1300.322	1191.195	406.495	2136.996	1059.382	1073.071
2/23/04	863.084	1299.279	1188.814	408.033	2170.625	1058.182	1070.073
2/24/04	868.563	1294.717	1177.083	408.954	2131.993	1062.71	1068.463
2/25/04	866.895	1288.598	1166.202	405.294	2116.25	1062.883	1072.994
2/26/04	872.152	1280.14	1157.439	402.593	2123.991	1052.457	1074.434
2/27/04	879.25	1284.188	1161.667	403.6	2176.269	1045.235	1074.307
3/1/04	890.685	1294.867	1174.384	408.185	2232.46	1063.416	1084.228
3/2/04	878.818	1291.909	1173.662	404.022	2226.851	1052.095	1077.862
3/3/04	874.485	1266.192	1149.418	397.686	2225.685	1034.576	1079.619
3/4/04	877.894	1277.121	1171.625	400.683	2216.395	1040.729	1083.097
3/5/04	898.081	1297.612	1193.093	409.176	2235.861	1052.573	1085.054
3/8/04	888.724	1297.41	1192.706	408.317	2215.724	1052.527	1075.922
3/9/04	884.028	1288.083	1180.914	409.477	2241.812	1045.954	1069.688
3/10/04	860.84	1274.175	1151.166	403.859	2225.697	1025.872	1054.167
3/11/04	856.123	1239.467	1114.116	396.122	2209.475	1001.396	1038.364
3/12/04	856.939	1238.159	1111.888	391.438	2178.895	1004.022	1051.352
3/15/04	842.534	1211.685	1085.776	383.163	2218.286	993.448	1036.281
3/16/04	855.694	1228.379	1099.071	387.859	2242.569	1009.463	1042.197
3/17/04	855.72	1236.213	1106.663	386.123	2295.797	1011.853	1054.217
3/18/04	857.175	1233.397	1104.018	386.968	2344.437	1010.768	1052.712
3/19/04	860.548	1237.201	1099.069	386.176	2320.397	1016.932	1040.802
3/22/04	851.754	1216.1	1076.261	382.071	2304.125	1004.764	1027.29
3/23/04	849.742	1209.684	1070.21	379.888	2309.358	1001.299	1025.839
3/24/04	838.362	1194.312	1062.077	377.736	2349.942	993.641	1023.254
3/25/04	854.535	1208.468	1083.408	381.846	2386.533	995.523	1040.092
3/26/04	861.572	1207.523	1079.383	380.014	2423.829	990.884	1038.942
3/29/04	873.43	1226.772	1100.592	386.807	2430.206	1005.958	1052.424
3/30/04	882.894	1225.415	1100.78	387.033	2417.462	1012.163	1056.664
3/31/04	873.764	1238.465	1106.623	389.781	2458.03	1012.414	1055.863
4/1/04	880.501	1261.444	1132.861	395.817	2454.917	1028.914	1061.765
4/2/04	894.675	1262.974	1135.867	395.568	2455.601	1026.836	1070.582
4/5/04	900.755	1262.188	1134.182	393.863	2469.466	1020.917	1078.839
4/6/04	900.769	1254.267	1131.642	394.707	2472.577	1029.175	1075.954
4/7/04	893.809	1262.776	1137.038	396.337	2487.707	1034.402	1068.773
4/8/04	890.553	1257.82	1130.509	395.677	2479.577	1035.149	1067.806
4/9/04	890.553	1257.82	1130.509	395.677	2443.036	1035.149	1067.806
4/12/04	895.234	1254.287	1127.333	394.565	2471.432	1035.149	1073.19
4/13/04	879.705	1248.509	1127.867	395.985	2465.224	1029.415	1058.417
4/14/04	859.706	1235.502	1113.371	394.012	2428.818	1006.85	1057.187
4/15/04	858.542	1233.58	1111.75	394.185	2380.119	1008.997	1057.971
4/16/04	867.192	1252.994	1127.335	399.804	2389.345	1028.53	1063.071
4/19/04	864.68	1250.467	1124.629	399.593	2359.432	1034.635	1064.758
4/20/04	851.609	1248.632	1124.086	398.199	2412.952	1030.735	1048.06
4/21/04	845.931	1233.337	1110.341	394.253	2387.993	1013.469	1053.891
4/22/04	855.287	1245.804	1117.934	395.888	2381.715	1018.023	1068.912
4/23/04	853.915	1250.589	1125.37	395.478	2407.201	1017.864	1069.35
4/26/04	852.553	1245.853	1134.285	397.359	2423.639	1028.877	1065.102
4/27/04	845.584	1250.157	1140.651	398.96	2385.227	1031.766	1067.476
4/28/04	806.98	1225.057	1116.304	393.8	2382.252	1012.148	1052.633
4/29/04	801.472	1224.711	1106.781	394.68	2377.162	1012.115	1044.57
4/30/04	800.206	1222.996	1102.587	394.96	2324.278	1003.324	1038.462
5/3/04	803.708	1229.819	1105.149	396.75	2323.33	1004.06	1048.144
5/4/04	826.301	1241.616	1113.763	400.341	2334.856	1027.511	1050.084
5/5/04	823.435	1254.85	1126.105	403.758	2360.86	1029.658	1051.933
5/6/04	819.463	1225.49	1089.562	393.654	2299.4	1021.216	1044.91
5/7/04	800.045	1208.648	1068.395	387.066	2227.666	1012.335	1030.759
5/10/04	782.183	1170.075	1032.792	376.91	2085.228	983.594	1019.541
5/11/04	790.834	1182.494	1046.482	380.288	2091.834	984.677	1027.51
5/12/04	791.968	1176.962	1035.309	379.472	2163.355	986.215	1029.001
5/13/04	783.427	1187.1	1043.421	381.806	2089.158	988.86	1028.238
5/14/04	787.155	1185.476	1038.742	380.786	2083.999	984.388	1027.112
5/17/04	785.547	1183.211	1036.984	380.744	2024.955	979.52	1016.11
5/18/04	783.31	1184.348	1043.948	380.992	2063.72	984.274	1023.217
5/19/04	794.921	1216.507	1072.597	389.441	2145.417	1003.28	1020.646
5/20/04	791.649	1194.531	1053.928	384.801	2126.908	987.554	1021.375
5/21/04	796.55	1202.982	1060.404	386.903	2189.261	998.457	1025.46
5/24/04	799.052	1204.771	1065.604	380.914	2189.323	998.264	1027.271
5/25/04	810.493	1212.938	1067.123	383.582	2163.819	1006.58	1043.828
5/26/04	807.819	1228.092	1076.878	386.913	2199.998	1013.497	1045.675
5/27/04	818.876	1252.314	1104.456	393.904	2217.751	1028.136	1051.379
5/28/04	812.932	1237.379	1097.491	391.473	2244.102	1022.159	1050.601
5/31/04	820.263	1243.889	1102.618	391.592	2241.631	1022.159	1050.601
6/1/04	817.687	1229.504	1087.439	390.503	2259.149	1022.059	1051.107
6/2/04	818.781	1241.957	1098.694	394.239	2240.177	1025.887	1054.488
6/3/04	815.477	1241.585	1102.587	393.25	2188.656	1027.91	1046.302
6/4/04	822.026	1256.021	1114.858	396.153	2192.083	1029.866	1051.779
6/7/04	833.628	1270.705	1136.186	402.049	2280.418	1037.768	1068.516
6/8/04	834.24	1266.101	1132.515	401.523	2295.13	1040.384	1069.872
6/9/04	819.37	1240.671	1110.005	395.24	2291.429	1033.2	1059.528
6/10/04	819.376	1244.359	1116.459	397.573	2306.116	1033.584	1064.344
6/11/04	819.761	1231.749	1106.678	394.456	2286.039	1025.847	1064.344
6/14/04	809.8	1222.342	1096.092	394.334	2264.125	1014.41	1053.76
6/15/04	815.758	1233.314	1105.786	398.804	2269.267	1020.621	1060.277
6/16/04	819.505	1236.472	1104.219	398.043	2304.061	1032.45	1061.936
6/17/04	827.616	1240.398	1102.164	400.211	2310.681	1036.411	1060.457
6/18/04	831.743	1256.949	1114.57	403.96	2290.681	1042.157	1063.172
6/21/04	831.866	1254.319	1109.013	399.386	2329.125	1036.854	1058.585
6/22/04	841.867	1242.162	1092.716	396.93	2313.053	1024.313	1062.583
6/23/04	845.509	1247.836	1096.903	398.429	2313.377	1027.569	1071.784
6/24/04	852.864	1268.128	1120.928	402.883	2373.133	1031.843	1068.611
6/25/04	845.039	1260.525	1119.109	402.128	2365.411	1029.996	1062.549
6/28/04	845.268	1275.34	1139.152	405.708	2386.517	1039.879	1061.681
6/29/04	847.401	1263.552	1132.254	402.185	2375.634	1026.947	1064.379
6/30/04	853.821	1261.143	1132.473	401.425	2361.632	1019.738	1068.876
7/1/04	859.268	1255.171	1126.557	398.995	2379.239	1012.633	1057.627
7/2/04	856.106	1260.2	1129.759	403.657	2342.584	1016.318	1054.419
7/5/04	855.484	1258.255	1126.282	403.083	2295.909	1015.264	1054.419
7/6/04	854.593	1249.56	1112.425	401.475	2284.079	1014.345	1045.629
7/7/04	858.336	1258.695	1116.635	404.146	2281.047	1018.926	1047.791
7/8/04	855.155	1266.564	1120.787	406.952	2265.94	1025.19	1039.083
7/9/04	858.96	1264.836	1116.761	407.835	2297.069	1025.348	1042.763
7/12/04	854.288	1262.063	1109.049	405.688	2325.229	1023.443	1043.788
7/13/04	852.8	1254.214	1103.944	403.372	2317.643	1019.14	1044.57
7/14/04	858.512	1258.254	1108.534	403.626	2288.299	1022.163	1041.054
7/15/04	849.729	1244.052	1092.576	400.217	2284.547	1013.215	1036.712
7/16/04	852.772	1251.918	1099.177	402.514	2300.319	1024.556	1031.932
7/19/04	862.453	1243.838	1087.809	400.359	2309.14	1019.593	1031.472
7/20/04	860.108	1244.701	1091.444	399.68	2283.937	1014.231	1038.719
7/21/04	856.597	1239.933	1089.058	396.189	2275.175	1012.722	1024.454
7/22/04	858.372	1223.604	1071.969	392.834	2264.128	1002.867	1027.337
7/23/04	851.93	1206.78	1057.235	387.927	2228.952	997.923	1017.123
7/26/04	840.326	1198.138	1048.111	385.729	2221.737	992.851	1014.625
7/27/04	832.722	1197.289	1057.393	386.442	2182.612	992.644	1024.482
7/28/04	841.778	1199.053	1053.135	385.164	2195.884	998.335	1024.888
7/29/04	855.094	1224.036	1077.906	390.59	2176.463	1009.105	1029.795
7/30/04	853.719	1221.999	1076.833	391.627	2221.582	1008.788	1031.192
8/2/04	851.477	1214.505	1067.973	390.158	2228.532	1013.818	1035.912
8/3/04	861.415	1225.942	1073.419	392.307	2217.245	1015.133	1029.577
8/4/04	854.719	1211.541	1058.173	388.765	2180.533	1010.042	1028.444
8/5/04	841.875	1215.214	1059.953	386.57	2180.263	1009.916	1011.99
8/6/04	839.92	1205.56	1050.11	386.816	2189.327	1004.533	996.4
8/9/04	836.254	1194.341	1039.003	383.219	2168.431	996.407	997.56
8/10/04	842.891	1212.472	1052.508	387.313	2166.629	1004.81	1010.448
8/11/04	828.47	1192.135	1031.87	380.049	2192.406	989.46	1007.41
8/12/04	821.281	1191.749	1028.136	380.003	2181.454	989.314	995.386
8/13/04	836.692	1201.233	1035.47	383.044	2147.927	994.473	996.751
8/16/04	847.068	1210.655	1048.97	386.343	2125.172	1004.258	1010.14
8/17/04	844.854	1215.045	1050.153	385.775	2150.258	999.413	1012.782
8/18/04	843.056	1213.973	1052.752	385.131	2168.723	996.074	1025.58
8/19/04	859.212	1222.165	1057.333	387.499	2198.183	1003.022	1021.661
8/20/04	862.796	1216.621	1051.532	385.233	2203.444	998.408	1028.8
8/23/04	853.954	1222.472	1057.142	385.659	2207.622	1003.133	1026.123
8/24/04	855.164	1215.285	1049.537	383.291	2213.619	993.588	1026.716
8/25/04	862.414	1213.233	1052.622	383.871	2224.631	996.746	1034.823
8/26/04	854.111	1224.507	1063.813	385.24	2240.295	1003.417	1035.077
8/27/04	853.449	1225.742	1064.042	385.997	2255.72	1011.407	1037.817
8/30/04	845.432	1222.949	1061.371	385.219	2247.142	1011.125	1029.644
8/31/04	852.729	1219.931	1056.634	387.793	2237.367	1007.365	1034.652
9/1/04	863.384	1227.105	1066.535	391.89	2251.489	1013.444	1036.6
9/2/04	866.926	1231.605	1068.902	394.762	2257.101	1014.78	1047.936
9/3/04	858.848	1231	1068.867	395.701	2211.854	1014.295	1043.466
9/6/04	861.162	1235.802	1076.597	396.311	2253.964	1019.213	1043.466
9/7/04	871.32	1237.144	1077.755	395.95	2271.941	1015.907	1050.541
9/8/04	867.3	1240.695	1080.433	397.165	2273.879	1020.807	1045.916
9/9/04	872.847	1237.146	1075.441	396.111	2240.947	1016.073	1047.977
9/10/04	870.548	1259.288	1096.946	401.579	2236.874	1027.524	1053.033
9/13/04	876.974	1270.289	1111.227	403.165	2246.145	1028.006	1055.137
9/14/04	879.862	1269.534	1112.585	403.451	2263.066	1027.429	1057.225
9/15/04	870.611	1249.875	1098.83	398.6	2224.129	1015.159	1049.634
9/16/04	879.807	1248.244	1104.457	398.695	2221.83	1024.236	1052.817
9/17/04	875.227	1261.294	1113.542	402.233	2203.624	1032.3	1057.321
9/20/04	879.907	1252.824	1109.259	401.008	2207.833	1025.97	1051.811
9/21/04	898.06	1272.526	1123.366	407.091	2203.224	1037.517	1058.608
9/22/04	896.562	1258.293	1109.36	405.368	2188.208	1033.835	1044.071
9/23/04	899.464	1251.507	1104.534	406.449	2194.255	1031.46	1038.99
9/24/04	901.164	1254.922	1103.423	406.608	2162.952	1036.057	1040.547
9/27/04	891.922	1252.727	1095.598	405.718	2141.653	1030.616	1034.322
9/28/04	903.201	1258.338	1099.278	408.431	2129.846	1038.564	1040.164
9/29/04	908.366	1264.565	1109.744	409.686	2137.275	1036.394	1044.765
9/30/04	916.152	1261.285	1112.419	409.873	2178.698	1038.041	1044.473
10/1/04	927.681	1287.927	1137.968	416.677	2203.133	1049.978	1060.47
10/4/04	925.198	1287.425	1136.91	414.662	2234.619	1048.173	1064.035
10/5/04	932.973	1292.616	1145.1	418.008	2235.866	1052.573	1063.199
10/6/04	943.684	1289.865	1145.623	417.39	2247.677	1050.364	1070.125
10/7/04	938.876	1286.721	1141.677	417.932	2236.695	1050.07	1059.338
10/8/04	942.321	1293.346	1146.117	421.416	2265.309	1057.192	1051.592
10/11/04	939.278	1286.187	1143.357	420.477	2276.198	1055.043	1053.794
10/12/04	932.809	1266.492	1120.217	415.35	2237.209	1042.053	1051.499
10/13/04	922.114	1262.812	1121.712	414.849	2228.068	1039.889	1044.037
10/14/04	934.356	1266.574	1123.186	418.133	2209.528	1042.311	1034.419
10/15/04	937.086	1277.716	1126.323	420.84	2210.012	1046.736	1038.727
10/18/04	935.745	1277.683	1127.113	421.405	2198.515	1044.323	1044.333
10/19/04	927.639	1291.159	1140.724	424.271	2227.723	1053.333	1034.484
10/20/04	943.144	1288.383	1134.565	424.74	2203.741	1049.671	1034.935
10/21/04	948.158	1296.7	1140.57	426.953	2202.838	1057.455	1037.65
10/22/04	945.307	1299.182	1143.081	428.797	2212.868	1057.187	1027.332
10/25/04	954.07	1286.34	1132.41	428.728	2198.734	1052.51	1026.128
10/26/04	962.355	1289.673	1134.757	429.319	2197.623	1055.662	1040.938
10/27/04	960.962	1309.291	1153.725	433.857	2206.623	1066.099	1054.608
10/28/04	961.426	1320.774	1158.641	435.395	2245.258	1065.713	1056.467
10/29/04	972.961	1313.757	1157.61	433.617	2233.581	1062.546	1059.113
11/1/04	968.536	1325.873	1174.574	438.771	2221.494	1074.362	1059.463
11/2/04	966.427	1331.435	1177.76	439.124	2254.302	1081.78	1059.264
11/3/04	976.759	1344.18	1188.076	443.132	2256.214	1093.928	1071.34
11/4/04	984.54	1350.227	1196.472	447.542	2273.512	1093.095	1088.45
11/5/04	990.677	1359.587	1205.927	450.355	2301.673	1099.429	1092.446
11/8/04	993.411	1362.788	1210.915	453.392	2286.958	1099.647	1090.987
11/9/04	990.264	1356.626	1206.054	450.812	2277.483	1098.792	1090.104
11/10/04	986.913	1362.135	1213.778	451.479	2253.089	1096.031	1089.129
11/11/04	990.719	1376.703	1223.3	455.453	2237.391	1103.375	1099.036
11/12/04	994.759	1380.631	1229.581	456.833	2288.658	1112.502	1109.479
11/15/04	989.988	1375.379	1228.108	455.813	2330.912	1114.111	1109.244
11/16/04	1000.852	1369.304	1226.404	453.881	2328.502	1109.305	1101.632
11/17/04	1005.152	1392.487	1250.416	461.949	2341.781	1116.002	1107.992
11/18/04	988.765	1384.189	1245.666	461.684	2331.54	1114.877	1109.64
11/19/04	996.476	1379.459	1240.054	461.702	2360.683	1109.188	1097.181
11/22/04	1013.125	1370.124	1234.68	457.74	2310.017	1102.307	1103.627
11/23/04	1009.564	1377.357	1235.732	458.634	2302.878	1112.555	1103.296
11/24/04	1013.995	1378.025	1246.327	462.739	2320.821	1113.245	1107.981
11/25/04	1021.782	1399.12	1263.99	468.228	2337.113	1125.487	1107.981
11/26/04	1024.697	1395.794	1264.247	467.778	2325.982	1125.471	1108.78
11/29/04	1020.664	1398.073	1265.131	467.425	2356.793	1127.087	1105.149
11/30/04	1011.271	1389.233	1259.721	466.463	2340.957	1126.971	1100.656
12/1/04	1019.873	1405.602	1279.078	472.483	2313.592	1144.242	1117.014
12/2/04	1014.226	1405.982	1284.789	472.192	2347.397	1145.958	1115.807
12/3/04	1005.212	1406.793	1293.03	474.944	2375.536	1153.83	1116.626
12/6/04	1003.432	1406.719	1293.405	478.629	2355.278	1149.667	1115.841
12/7/04	987.932	1414.059	1299.218	481.275	2329.655	1152.22	1103.271
12/8/04	976.257	1392.691	1280.301	478.041	2303.217	1137.972	1108.689
12/9/04	977.853	1381.767	1264.102	474.653	2271.32	1127.736	1114.719
12/10/04	971.859	1385.543	1267.229	476.383	2249.214	1127.814	1113.553
12/13/04	976.94	1406.561	1287.73	481.184	2275.382	1142.691	1123.088
12/14/04	976.407	1407.98	1289.616	482.342	2286.31	1140.802	1127.802
12/15/04	989.477	1418.736	1298.061	486.919	2323.082	1154.392	1130.606
12/16/04	981.164	1407.789	1290.829	482.917	2317.817	1150.629	1128.004
12/17/04	984.874	1381.219	1273.54	480.142	2336.879	1142.705	1120.004
12/20/04	994.807	1404.041	1297.198	488.963	2343.006	1158.735	1120.382
12/21/04	999.124	1401.781	1294.177	488.336	2340.014	1145.877	1130.859
12/22/04	995.418	1416.526	1303.712	493.035	2362.969	1148.534	1134.746
12/23/04	995.561	1434.288	1318.118	498.838	2373.686	1154.935	1135.425
12/24/04	1008.143	1439.108	1321.535	500.131	2401.485	1161.417	1135.425
12/27/04	1014.173	1446.327	1324.777	502.762	2411.88	1165.939	1130.559
12/28/04	1013.883	1447.353	1330.605	503.333	2421.576	1163.075	1138.782
12/29/04	1010.072	1446.598	1324.092	502.579	2397.083	1160.634	1138.758
12/30/04	1023.822	1451.808	1331.21	504.412	2446.613	1164.359	1138.922
12/31/04	1028.171	1445.594	1327.547	503.024	2460.103	1162.443	1137.428
1/3/05	1016.925	1444.208	1325.992	499.78	2450.418	1152.302	1127.692
1/4/05	995.874	1427.536	1309.415	494.913	2422.599	1148.165	1114.555
1/5/05	981.119	1413.208	1298.054	492.61	2412.561	1141.165	1110.166
1/6/05	979.032	1411.76	1300.382	490.295	2393.459	1137.678	1113.977
1/7/05	972.257	1406.2	1293.01	486.874	2389.605	1140.341	1112.584
1/10/05	982.347	1412.114	1295.089	488.33	2398.182	1142.035	1116.572
1/11/05	987.502	1407.939	1285.411	484.901	2434.218	1138.342	1109.573
1/12/05	1002.888	1411.025	1283.506	489.086	2448.008	1140.476	1114.251
1/13/05	997.389	1409.14	1277.018	489.856	2428.56	1137.338	1104.805
1/14/05	990.099	1404.6	1272.591	489.267	2435.28	1134.933	1111.611
1/17/05	991.321	1412.875	1275.676	489.766	2452.689	1135.069	1111.611
1/18/05	992.43	1404.921	1272.092	487.231	2428.832	1134.183	1122.291
1/19/05	985.917	1404.476	1271.964	489.316	2428.524	1139.284	1111.555
1/20/05	977.407	1385.734	1256.498	485.377	2388.067	1132.019	1103.438
1/21/05	983.128	1394.803	1259.433	488.658	2382.381	1131.704	1096.405
1/24/05	987.448	1397.671	1259.765	487.7	2406.719	1137.757	1092.48
1/25/05	978.801	1400.008	1261.116	487.334	2372.362	1138.033	1096.455
1/26/05	991.265	1412.595	1267.311	490.268	2416.459	1149.542	1102.094
1/27/05	986.29	1413.087	1264.109	488.167	2399.722	1153.918	1102.109
1/28/05	977.69	1403.673	1254.471	485.373	2391.653	1147.006	1099.056
1/31/05	986.704	1421.443	1272.986	491.39	2402.924	1153.553	1108.199
2/1/05	991.975	1427.651	1276.992	493.118	2389.58	1162.648	1115.648
2/2/05	996.525	1435.478	1285.396	495.645	2400.727	1168.481	1119.226
2/3/05	994.278	1418.443	1273.009	492.346	2375.534	1163.656	1115.731
2/4/05	995.664	1426.957	1288.665	496.911	2391.415	1174.933	1128.536
2/7/05	992.358	1424.333	1285.098	494.255	2391.11	1170.887	1127.16
2/8/05	997.461	1417.268	1280.271	493.657	2363.239	1168.337	1127.938
2/9/05	999.664	1415.934	1276.629	493.265	2368.746	1168.031	1118.14
2/10/05	1019.099	1427.296	1282.368	497.886	2384.157	1178.573	1122.737
2/11/05	1026.425	1442.364	1294.082	500.175	2382.126	1184.903	1130.541
2/14/05	1032.531	1450.556	1302.832	503.422	2413.491	1197.719	1131.503
2/15/05	1029.177	1457.613	1306.8	504.661	2423.974	1201.59	1135.062
2/16/05	1031.75	1452.031	1299.684	501.801	2401.945	1194.395	1135.172
2/17/05	1040.342	1460.291	1308.293	504.74	2393.083	1202.58	1126.164
2/18/05	1046.889	1468.898	1305.988	502.043	2400.691	1204.535	1127.035
2/21/05	1046.149	1466.694	1304.836	496.388	2407.134	1206.371	1127.035
2/22/05	1043.508	1475.908	1311.339	499.079	2427.713	1205.626	1110.557
2/23/05	1038.25	1463.977	1304.252	496.506	2385.181	1195.66	1116.719
2/24/05	1032.594	1465.943	1303.399	497.89	2384.733	1193.396	1125.575
2/25/05	1050.308	1485.301	1315.381	502.359	2410.242	1206.809	1136.365
2/28/05	1048.793	1491.739	1324.646	506.948	2451.907	1204.63	1128.94
3/1/05	1043.922	1491.18	1325.292	505.101	2451.19	1208.665	1135.217
3/2/05	1052.535	1485.478	1320.762	501.917	2453.145	1200.594	1135.02
3/3/05	1055.546	1486.482	1315.791	502.067	2456.953	1204.896	1135.086
3/4/05	1077.763	1510.576	1342.131	510.557	2474.249	1221.236	1146.128
3/7/05	1073.24	1510.088	1337.567	509.252	2472.008	1211.594	1149.456
3/8/05	1090.967	1519.722	1343.654	512.169	2481.073	1218.115	1144.047
3/9/05	1084.059	1514.941	1339.27	511.268	2506.895	1208.017	1132.266
3/10/05	1074.622	1508.805	1331.985	509.081	2488.047	1200.987	1134.258
3/11/05	1075.613	1518.291	1343.205	510.628	2499.956	1207.769	1125.904
3/14/05	1074.936	1508.287	1335.823	507.878	2465.143	1196.842	1133.083
3/15/05	1075.27	1512.638	1336.328	510.253	2472.332	1205.528	1124.71
3/16/05	1074.468	1503.854	1325.033	508.541	2490.387	1198.662	1115.334
3/17/05	1084.513	1502.805	1321.766	507.592	2464.754	1192.47	1117.222
3/18/05	1076.495	1499.631	1316.162	507.804	2476.476	1188.233	1116.81
3/21/05	1064.113	1480.756	1296.707	505.592	2472.468	1178.669	1111.753
3/22/05	1069.461	1488.154	1305.533	506.908	2472.537	1181.442	1100.625
3/23/05	1047.634	1460.704	1285.367	499.039	2437.578	1158.834	1101.141
3/24/05	1044.839	1472.391	1289.181	500.781	2412.875	1159.795	1100.541
3/25/05	1044.839	1472.391	1289.181	500.781	2424.023	1159.795	1100.541
3/28/05	1034.99	1462.058	1280.134	497.266	2413.155	1157.159	1103.219
3/29/05	1034.183	1467.66	1285.885	500.247	2364.666	1161.286	1095.07
3/30/05	1040.988	1466.608	1290.025	502.554	2355.93	1162.166	1110.048
3/31/05	1061.922	1471.904	1294.553	505.572	2387.753	1164.341	1109.27
4/1/05	1061.455	1473.082	1298.79	507.312	2389.486	1168.51	1102.042
4/4/05	1053.994	1448.339	1275.658	500.212	2361.709	1154.25	1104.713
4/5/05	1053.89	1461.355	1283.216	502.847	2374.231	1166.734	1109.652
4/6/05	1059.3	1469.165	1289.782	503.722	2384.426	1168.361	1112.091
4/7/05	1055.9	1481.263	1294.215	511.357	2392.337	1174.851	1118.964
4/8/05	1047.237	1474.878	1292.992	507.81	2393.543	1175.161	1109.559
4/11/05	1045.611	1484.827	1302.368	512.899	2387.592	1181.946	1109.417
4/12/05	1039.078	1469.283	1287.817	506.946	2357.166	1173.14	1115.851
4/13/05	1025.271	1477.212	1298.734	507.685	2370.733	1180.403	1102.73
4/14/05	1013.15	1464.092	1288.552	502.472	2337.056	1169.31	1091.681
4/15/05	999.696	1449.639	1272.307	495.606	2318.058	1164.006	1074.261
4/18/05	1002.713	1428.615	1248.338	485.246	2239.109	1154.821	1077.262
4/19/05	1015.375	1436.203	1251.743	486.739	2277.339	1169.422	1083.935
4/20/05	1013.813	1436.061	1248.639	487.253	2290.133	1161.773	1069.783
4/21/05	1020.798	1440.793	1256.631	490.982	2270.326	1158.404	1090.544
4/22/05	1018.774	1447.907	1262	492.258	2305.21	1167.267	1083.276
4/25/05	1019.527	1441.146	1259.112	488.718	2315.704	1168.358	1092.56
4/26/05	1015.244	1439.338	1252.291	487.114	2301.55	1158.385	1083.277
4/27/05	1003.852	1415.97	1234.529	482.03	2302.448	1146.518	1087.603
4/28/05	995.204	1405.105	1222.644	479.329	2302.938	1147.095	1075.117
4/29/05	1003.33	1404.986	1220.113	480.531	2326.206	1149.961	1087.918
5/2/05	1010.311	1406.848	1223.805	481.653	2324.238	1139.815	1092.969
5/3/05	1004.551	1418.167	1234.317	484.316	2323.907	1152.221	1092.199
5/4/05	1021.555	1436.617	1246.705	487.219	2343.183	1163.097	1105.921
5/5/05	1024.314	1446.707	1253.48	488.779	2339.593	1169.723	1103.22
5/6/05	1030.589	1441.181	1247.597	485.001	2373.979	1165.974	1102.01
5/9/05	1039.597	1434.385	1241.42	483.258	2353.592	1158.096	1109.034
5/10/05	1033.147	1433.433	1236.231	480.672	2349.42	1154.093	1097.583
5/11/05	1017.535	1419.321	1228.703	479.796	2338.444	1144.43	1101.918
5/12/05	1003.825	1420.36	1224.333	479.054	2309.074	1142.727	1091.197
5/13/05	987.335	1413.463	1219.305	476.582	2288.455	1136.419	1086.375
5/16/05	986.847	1408.789	1213.241	474.796	2267.192	1123.181	1097.264
5/17/05	993.216	1407.927	1210.713	470.94	2249.021	1129.52	1104.995
5/18/05	1001.695	1431.636	1231.682	478.197	2242.656	1137.853	1116.03
5/19/05	1007.744	1434.559	1237.055	478.692	2279.718	1142.665	1121.413
5/20/05	1004.515	1429.674	1230.259	476.718	2265.484	1137.719	1119.89
5/23/05	1010.071	1441.532	1245.457	477.765	2293.015	1144.816	1124.214
5/24/05	1014.633	1435.802	1242.484	476.993	2295.114	1142.998	1124.347
5/25/05	1008.77	1436.871	1241.652	477.541	2269.379	1142.172	1120.314
5/26/05	1014.141	1442.015	1247.327	477.507	2260.194	1141.929	1127.523
5/27/05	1023.413	1442.684	1251.746	477.152	2280.461	1140.819	1128.642
5/30/05	1033.942	1436.125	1254.49	477.143	2300.593	1141.1	1128.642
5/31/05	1023.901	1417.854	1236.77	469.878	2304.62	1135.402	1121.502
6/1/05	1036.922	1427.562	1245.739	471.849	2303.617	1141.736	1131.59
6/2/05	1033.036	1431.792	1248.508	473.121	2301.941	1141.903	1133.851
6/3/05	1038.26	1422.926	1242.424	470.166	2316.391	1140.648	1126.29
6/6/05	1039.213	1418.651	1238.887	469.158	2329.203	1138.048	1127.734
6/7/05	1034.656	1429.229	1255.642	472.787	2319.841	1154.765	1127.446
6/8/05	1044.424	1433.556	1259.609	475.298	2331.185	1155.401	1124.763
6/9/05	1041.295	1411.589	1247.047	471.037	2291.285	1143.802	1130.794
6/10/05	1050.382	1413.89	1246.567	469.68	2295.737	1145.482	1128.053
6/13/05	1048.485	1411.095	1242.9	469.768	2272.744	1142.639	1130.652
6/14/05	1048.035	1410.543	1241.989	470.894	2281.316	1145.318	1133.337
6/15/05	1066.342	1413.113	1237.924	472.984	2295.337	1146.797	1135.763
6/16/05	1079.782	1410.171	1244.281	473.467	2304.296	1152.972	1140.196
6/17/05	1080.985	1439.348	1266.094	479.255	2330.221	1163.015	1145.597
6/20/05	1089.581	1419.237	1251.693	468.699	2314.804	1161.72	1145.031
6/21/05	1081.335	1428.116	1256.904	470.342	2333.714	1164.949	1142.716
6/22/05	1092.281	1430.528	1259.394	469.724	2334.171	1167.153	1142.899
6/23/05	1087.069	1424.532	1253.178	466.448	2336.568	1168.341	1130.739
6/24/05	1087.642	1415.467	1241.371	463.487	2323.801	1161.354	1122.304
6/27/05	1091.309	1410.242	1237.066	461.8	2299.275	1156.36	1121.621
6/28/05	1094.719	1413.01	1237.526	462.941	2305.189	1160.908	1131.951
6/29/05	1098.339	1423.71	1243.615	464.809	2308.511	1156.831	1130.307
6/30/05	1084.136	1427.594	1247.63	468.8	2301.566	1149.945	1122.569
7/1/05	1070.157	1424.259	1241.433	465.886	2292.231	1147.447	1125.61
7/4/05	1072.945	1416.304	1236.733	465.174	2301.025	1145.673	1125.61
7/5/05	1085.883	1412.908	1231.777	463.621	2294.791	1142.081	1135.382
7/6/05	1098.766	1424.763	1237.811	466.65	2291.736	1153.423	1126.458
7/7/05	1103.759	1408.205	1218.691	459.875	2282.905	1126.868	1129.248
7/8/05	1122.168	1432.997	1234.893	466.84	2273.392	1139.836	1142.385
7/11/05	1130.737	1456.598	1266.342	475.07	2295.145	1154.857	1149.505
7/12/05	1139.544	1469.485	1277.696	478.142	2315.55	1160.342	1152.019
7/13/05	1136.876	1466.708	1272.89	477.839	2287.76	1154.165	1152.7
7/14/05	1123.471	1477.384	1279.397	480.929	2301.264	1160.655	1155.416
7/15/05	1118.58	1470.23	1276.93	476.831	2303.424	1149.568	1157.03
7/18/05	1120.33	1468.602	1280.352	478.646	2313.73	1143.449	1150.812
7/19/05	1131.821	1479.817	1287.167	480.798	2285.477	1131.458	1158.996
7/20/05	1135.722	1480.19	1293.202	479.318	2280.338	1128.958	1164.394
7/21/05	1139.097	1494.562	1315.497	483.635	2339.594	1141.183	1156.4
7/22/05	1147.129	1491.184	1316.343	484.033	2317.998	1143.419	1162.445
7/25/05	1142.688	1487.69	1312.739	483.267	2306.331	1150.041	1157.7
7/26/05	1132.979	1482.872	1308.421	481.943	2290.999	1145.384	1160.076
7/27/05	1142.732	1488.42	1313.573	483.942	2307.742	1148.407	1165.326
7/28/05	1144.722	1503.424	1329.092	487.258	2310.792	1155.915	1171.789
7/29/05	1142.998	1508.738	1334.58	488.618	2324.422	1164.204	1163.422
8/1/05	1155.249	1517.994	1342.232	489.939	2335.212	1172.568	1164.701
8/2/05	1181.924	1533.566	1353.075	494.443	2349.763	1180.567	1172.721
8/3/05	1175.175	1544.6	1364.058	498.549	2362.003	1188.167	1173.305
8/4/05	1182.042	1539.022	1357.386	495.127	2343.271	1183.598	1164.647
8/5/05	1165.044	1522.407	1341.229	491.174	2301.039	1180.798	1155.128
8/8/05	1178.628	1532.849	1347.449	495.043	2312.05	1194.669	1151.31
8/9/05	1171.886	1547.283	1364.65	497.286	2330.843	1196.651	1159.08
8/10/05	1185.067	1563.918	1391.483	502.297	2405.089	1207.696	1156.929
8/11/05	1199.981	1564.627	1387.746	503.306	2452.047	1210.939	1165.155
8/12/05	1206.327	1552.742	1382.12	501.237	2466.828	1212.15	1158.566
8/15/05	1196.118	1541.518	1371.047	498.555	2473.447	1207.802	1161.737
8/16/05	1182.258	1528.544	1357.054	494.376	2483.958	1204.196	1148.46
8/17/05	1169.016	1523.399	1350.69	491.681	2471.666	1197.624	1149.292
8/18/05	1144.868	1504.3	1330.686	482.823	2458.324	1181.733	1147.976
8/19/05	1161.868	1519.246	1347.648	488.401	2449.709	1189.559	1148.7
8/22/05	1173.547	1530.442	1361.673	492.051	2509.683	1198.053	1150.646
8/23/05	1174.385	1511.083	1351.154	486.591	2508.895	1191.519	1147.106
8/24/05	1180.922	1513.316	1356.659	491.729	2509.997	1185.78	1139.889
8/25/05	1192.48	1502.179	1344.508	489.476	2501.655	1183.74	1142.55
8/26/05	1178.806	1496.022	1330.606	486.569	2518.967	1181.846	1135.611
8/29/05	1186.994	1494.294	1330.691	485.923	2469.747	1178.023	1142.473
8/30/05	1191.948	1484.153	1316.993	481.731	2482.079	1172.628	1138.833
8/31/05	1208.955	1512.911	1338.791	491.31	2485.889	1191.124	1150.246
9/1/05	1227.768	1543.603	1361.038	500.783	2523.378	1218.45	1151.106
9/2/05	1220.257	1546.849	1367.799	504.056	2543.877	1225.959	1147.814
9/5/05	1218.77	1550.405	1383.562	504.768	2573.078	1229.73	1147.814
9/6/05	1224.371	1560.556	1395.93	506.207	2552.52	1234.016	1161.993
9/7/05	1226.813	1561.297	1397.834	505.774	2542.502	1233.946	1164.997
9/8/05	1224.86	1550.644	1395.49	505.435	2520.568	1229.187	1160.528
9/9/05	1249.557	1562.086	1401.369	506.622	2571.174	1233.13	1169.6
9/12/05	1234.196	1543.925	1380.949	501.356	2600.447	1225.14	1169.258
9/13/05	1234.329	1529.981	1356.797	498.125	2588.619	1216.878	1160.631
9/14/05	1245.807	1539.366	1362.443	503.291	2596.642	1222.267	1156.511
9/15/05	1239.68	1531.036	1351.384	499.096	2619.898	1214.912	1157.287
9/16/05	1248.124	1541.405	1372.43	502.701	2599.069	1220.1	1166.659
9/19/05	1265.304	1532.257	1348.715	499.473	2600.704	1225.293	1160.348
9/20/05	1257.24	1543.824	1361.492	501.009	2644.995	1221.709	1151.596
9/21/05	1265.785	1528.667	1344.013	501.977	2664.204	1216.639	1140.812
9/22/05	1254.919	1511.029	1328.34	495.214	2649.785	1205.076	1144.788
9/23/05	1253.409	1510.463	1329.309	493.37	2634.901	1202.217	1145.597
9/26/05	1264.052	1534.927	1353.455	498.299	2689.118	1208.528	1146.269
9/27/05	1267.804	1525.235	1343.043	495.853	2649.881	1201.753	1145.847
9/28/05	1261.104	1543.374	1364.688	500.035	2703.646	1208.682	1146.632
9/29/05	1267.867	1537.859	1357.67	498.94	2767.316	1205.082	1156.807
9/30/05	1279.773	1551.063	1368.995	500.673	2731.046	1210.396	1158.745
10/3/05	1284.78	1539.308	1361.793	495.112	2705.661	1205.37	1157.395
10/4/05	1258.984	1551.302	1380.06	492.925	2728.732	1208.053	1145.624
10/5/05	1223.557	1534.83	1363.703	486.939	2714.45	1193.528	1128.475
10/6/05	1200.282	1538.331	1369.284	490.376	2645.846	1189.264	1123.611
10/7/05	1215.679	1533.831	1364.812	486.006	2641.562	1178.046	1127.76
10/10/05	1215.679	1527.332	1360.398	483.457	2630.929	1175.595	1119.727
10/11/05	1212.792	1526.578	1357.495	480.786	2695.592	1173.339	1117.466
10/12/05	1203.096	1518.763	1347.462	479.525	2692.01	1168.474	1109.922
10/13/05	1184.052	1490.843	1326.226	470.928	2680.025	1149.774	1109.209
10/14/05	1187.598	1510.684	1348.721	478.224	2681.688	1163.548	1118.517
10/17/05	1203.56	1508.534	1345.213	476.465	2654.99	1157.48	1121.882
10/18/05	1173.552	1486.795	1326.411	467.173	2633.83	1148.792	1110.406
10/19/05	1193.875	1464.338	1304.938	461.164	2612.303	1136.912	1126.931
10/20/05	1167.323	1469.821	1309.655	461.804	2620.612	1142.252	1110.402
10/21/05	1170.122	1466.589	1305.825	464.849	2618.101	1139.788	1113.331
10/24/05	1174.496	1481.293	1318.923	465.704	2607.039	1150.229	1132.02
10/25/05	1186.203	1488.216	1324.294	468.854	2654.763	1155.311	1129.176
10/26/05	1183.088	1490.151	1329.708	470.069	2654.794	1159.217	1123.913
10/27/05	1178.789	1471.238	1311.438	462.248	2695.656	1154.251	1111.854
10/28/05	1179.906	1462.415	1311.126	461.811	2670.328	1155.915	1130.026
10/31/05	1186.824	1484.402	1326.709	465.346	2697.892	1172.73	1138.512
11/1/05	1186.717	1485.379	1326.277	465.23	2746.229	1172.863	1134.767
11/2/05	1211.607	1492.426	1343.403	470.618	2747.481	1186.528	1146.881
11/3/05	1223.068	1510.656	1352.578	474.36	2740.443	1203.165	1152.199
11/4/05	1225.154	1486.288	1326.446	466.959	2756.549	1183.317	1152.581
11/7/05	1211.537	1484.859	1332.504	467.55	2770.613	1187.238	1155.106
11/8/05	1203.941	1480.558	1324.737	464.472	2783.412	1185.441	1150.888
11/9/05	1210.245	1469.964	1321.844	463.746	2766.047	1181.518	1152.606
11/10/05	1199.029	1469.727	1323.178	464.196	2746.221	1182.427	1162.446
11/11/05	1208.526	1482.965	1336.733	468.256	2763.507	1186.629	1166.098
11/14/05	1204.962	1486.88	1337.008	466.894	2718.362	1186.584	1165.35
11/15/05	1198.935	1482.236	1337.455	465.581	2700.424	1176.364	1161.054
11/16/05	1214.244	1470.588	1328.332	465.112	2722.412	1161.874	1163.299
11/17/05	1218.983	1483.139	1340.929	470.898	2784.384	1171.91	1174.839
11/18/05	1213.105	1491.448	1345.304	472.266	2812.284	1175.3	1179.907
11/21/05	1234.716	1505.791	1360.247	474.244	2825.811	1179.099	1186.319
11/22/05	1249.178	1502.487	1358.647	474.049	2808	1177.966	1192.522
11/23/05	1258.334	1520.843	1372.334	480.156	2820.541	1188.229	1196.84
11/24/05	1276.422	1512.279	1370.607	478.854	2805.086	1185.917	1196.84
11/25/05	1271.19	1509.591	1366.43	477.347	2805.778	1183.18	1199.446
11/28/05	1264.447	1509.145	1368.392	477.363	2845.209	1176.153	1188.798
11/29/05	1262.422	1509.456	1371.77	477.075	2833.493	1177.415	1188.809
11/30/05	1248.918	1506.468	1373.364	474.934	2812.805	1172.643	1181.544
12/1/05	1268.489	1519.137	1383.292	477.911	2836.765	1185.967	1196.168
12/2/05	1277.131	1525.748	1391.083	478.718	2877.032	1195.141	1196.71
12/5/05	1282.766	1531.216	1388.113	480.284	2891.838	1196.159	1193.491
12/6/05	1295.586	1541.924	1398.66	483.579	2878.765	1203.239	1194.711
12/7/05	1298.135	1530.136	1383.542	482.042	2897.383	1197.742	1188.688
12/8/05	1303.06	1547.094	1400.404	487.331	2849.986	1209.092	1187.706
12/9/05	1298.023	1545.256	1399.551	486.662	2892.855	1210.321	1190.951
12/12/05	1301.1	1564.56	1417.892	492.43	2953.022	1218.631	1192.547
12/13/05	1307.971	1568.311	1418.029	492.533	2969.095	1218.127	1199.271
12/14/05	1302.726	1575.229	1424.392	497.309	2995.478	1223.587	1204.147
12/15/05	1293.898	1564.096	1418.095	493.913	2967.814	1211.002	1202.355
12/16/05	1299.627	1580.925	1441.529	499.536	2981.231	1224.821	1198.916
12/19/05	1297.092	1577.243	1439.954	499.561	2993.605	1219.875	1191.211
12/20/05	1289.096	1565.892	1428.451	498.176	3016.975	1219.568	1191.236
12/21/05	1295.556	1571.244	1428.14	498.677	3046.014	1214.162	1194.188
12/22/05	1300.727	1577.873	1434.881	501.261	3071.626	1214.7	1199.21
12/23/05	1301.206	1580.049	1440.967	500.552	3079.944	1211.675	1199.721
12/26/05	1301.206	1580.049	1440.967	500.552	3097.88	1211.675	1199.721
12/27/05	1294.274	1583.44	1447.268	501.419	3054.317	1211.325	1188.267
12/28/05	1307.626	1586.382	1454.067	503.952	3078.55	1213.299	1189.917
12/29/05	1309.665	1582.397	1448.253	502.205	3084.439	1216.417	1186.309
12/30/05	1302.206	1558.062	1429.844	496.627	3052.978	1205.642	1180.64
1/2/06	1302.206	1571.532	1440.903	500.064	3052.978	1205.642	1180.64
1/3/06	1337.941	1603.298	1466.786	509.95	3089.228	1234.567	1200.101
1/4/06	1349.585	1638.804	1497.284	518.142	3144.493	1256.037	1204.847
1/5/06	1337.677	1638.371	1495.645	515.464	3178.43	1247.894	1205.041
1/6/06	1347.496	1656.515	1507.787	521.143	3208.432	1267.986	1216.787
1/9/06	1334.322	1649.815	1499.152	515.464	3217.415	1262.346	1221.393
1/10/06	1343.731	1644.73	1487.712	513.977	3159.006	1254.37	1221.292
1/11/06	1350.003	1658.444	1502.429	520.215	3192.139	1260.51	1225.4
1/12/06	1344.23	1651.196	1497.761	518.971	3218.743	1261.715	1217.348
1/13/06	1347.102	1642.771	1488.025	514.948	3205.298	1262.291	1218.709
1/16/06	1364.48	1650.721	1502.287	521.844	3161.313	1265.123	1218.709
1/17/06	1353.672	1627.862	1481.139	515.506	3071.063	1250.583	1214.178
1/18/06	1329.808	1619.881	1468.39	512.94	2991.637	1245.104	1209.146
1/19/06	1349.336	1636.175	1480.702	513.839	3073.823	1250.83	1215.961
1/20/06	1358.262	1619.381	1456.359	507.623	3083.83	1246.482	1193.052
1/23/06	1377.706	1637.514	1478.65	516.851	3039.616	1259.876	1195.62
1/24/06	1364.831	1636.451	1474.983	514.087	3079.353	1253.865	1199.266
1/25/06	1371.393	1648.294	1499.729	517.976	3058.027	1271.427	1196.521
1/26/06	1381.43	1675.244	1531.842	524.967	3095.897	1275.286	1205.172
1/27/06	1398.167	1686.121	1541.556	522.798	3168.505	1279.943	1214.108
1/30/06	1412.738	1672.304	1537.27	520.043	3176.148	1274.879	1215.627
1/31/06	1415.816	1684.294	1547.81	522.507	3206.829	1276.991	1211.664
2/1/06	1418.046	1695.38	1557.854	524.906	3156.332	1287.955	1213.232
2/2/06	1411.669	1668.645	1534.767	517.635	3172.28	1275.693	1202.037
2/3/06	1407.344	1659.204	1525.636	513.128	3144.353	1264.815	1195.599
2/6/06	1426.801	1655.921	1525.344	518.902	3157.654	1260.782	1196.725
2/7/06	1389.458	1651.903	1523.121	516.055	3174.599	1247.839	1186.779
2/8/06	1376.352	1638.513	1520.969	516.044	3081.801	1244.643	1196.603
2/9/06	1382.156	1659.919	1542.025	521.269	3105.959	1261.248	1194.541
2/10/06	1366.539	1639.344	1528.414	514.88	3090.678	1255.577	1197.493
2/13/06	1352.319	1654.3	1541.517	517.989	3019.187	1259.969	1192.642
2/14/06	1364.884	1650.484	1538.567	515.804	3065.326	1249.544	1204.348
2/15/06	1358.577	1646.014	1542.182	517.62	3041.93	1259.986	1208.595
2/16/06	1367.664	1654.838	1547.011	520.579	3056.04	1261.749	1217.709
2/17/06	1383.819	1668.115	1554.446	524.392	2996.89	1268.844	1215.581
2/20/06	1399.313	1665.221	1558.031	528.131	2947.688	1275.153	1215.581
2/21/06	1396.565	1662.149	1553.326	527.601	3002.837	1272.436	1211.64
2/22/06	1390.616	1672.995	1565.883	531.822	3002.336	1272.945	1220.577
2/23/06	1378.619	1678.498	1570.53	532.29	3097.441	1273.423	1216.407
2/24/06	1385.621	1680.132	1567.639	531.733	3115.863	1273.652	1218.22
2/27/06	1386.559	1681.961	1578.497	533.025	3166.522	1273.602	1222.882
2/28/06	1388.604	1665.81	1555.607	527.21	3178.952	1264.279	1210.228
3/1/06	1403.616	1686.784	1574.71	529.538	3126.599	1276.416	1220.223
3/2/06	1424.021	1679.863	1560.129	524.909	3118.747	1268.665	1218.537
3/3/06	1427.419	1677.347	1548.275	527.45	3071.228	1278.325	1216.739
3/6/06	1412.647	1683.458	1557.129	532.662	3071.633	1286.592	1208.168
3/7/06	1394.488	1659.133	1535.919	525.642	3048.428	1267.241	1205.465
3/8/06	1375.522	1655.724	1522.136	524.936	3024.57	1257.638	1207.328
3/9/06	1372.98	1668.536	1537.71	529.891	3093.734	1268.598	1201.073
3/10/06	1378.699	1682.437	1551.205	532.067	3064.749	1270.77	1209.411
3/13/06	1385.78	1702.295	1570.939	537.797	3112.732	1284.567	1211.757
3/14/06	1402.185	1717.296	1586.495	543.818	3137.042	1296.254	1224.593
3/15/06	1414.781	1723.717	1596.254	546.088	3138.624	1298.933	1229.965
3/16/06	1419.662	1740.303	1611.853	552.06	3110.551	1312.689	1231.679
3/17/06	1400.659	1747.456	1611.177	550.682	3172.189	1312.486	1233.88
3/20/06	1387.613	1748.342	1617.088	552.536	3215.183	1311.896	1231.965
3/21/06	1390.266	1739.263	1608.392	550.263	3194.306	1305.791	1224.335
3/22/06	1391.604	1754.271	1612.394	549.156	3191.041	1309.583	1231.387
3/23/06	1394.109	1738.547	1601.443	539.864	3156.009	1296.886	1228.688
3/24/06	1407.254	1750.822	1612.279	540.342	3174.276	1311.152	1230.441
3/27/06	1396.578	1735.68	1599.632	534.355	3214.234	1302.885	1228.94
3/28/06	1393.5	1739.122	1600.658	533.226	3205.169	1296.428	1221.375
3/29/06	1408.306	1736.472	1595.253	532.904	3204.691	1289.882	1230.924
3/30/06	1426.698	1775.335	1632.814	545.965	3257.028	1309.836	1228.549
3/31/06	1407.678	1763.98	1624.105	539.968	3243.41	1290.864	1224.079
4/3/06	1414.404	1776.885	1639.984	545.235	3290.907	1304.535	1226.344
4/4/06	1418.696	1782.209	1658.466	548.556	3294.228	1313.68	1233.651
4/5/06	1438.629	1789.22	1663.669	554.663	3288.226	1317.429	1238.955
4/6/06	1454.471	1784.954	1659.726	552.006	3345.55	1319.495	1236.529
4/7/06	1450.426	1754.158	1623.721	541.545	3351.868	1308.094	1224.191
4/10/06	1455.816	1757.311	1634.969	548.29	3328.237	1317.785	1224.959
4/11/06	1443.726	1733.646	1612.376	537.619	3308.683	1309.177	1215.503
4/12/06	1437.429	1721.598	1607.872	537.371	3262.215	1308.697	1216.729
4/13/06	1442.075	1723.57	1606.426	535.115	3265.247	1315.565	1217.781
4/14/06	1442.075	1723.57	1606.426	535.115	3266.776	1315.565	1217.781
4/17/06	1459.694	1750.945	1631.94	543.614	3244.694	1331.485	1214.207
4/18/06	1478.799	1748.739	1625.803	541.797	3285.019	1337.71	1234.991
4/19/06	1490.189	1777.233	1657.455	551.961	3295.147	1356.623	1237.42
4/20/06	1463.185	1789.643	1670.855	554.964	3308.981	1346.631	1238.852
4/21/06	1482.141	1809.753	1684.284	558.198	3344.372	1361.475	1238.154
4/24/06	1468.019	1804.541	1683.906	551.012	3315.489	1354.278	1235.627
4/25/06	1476.218	1813.598	1690.052	553.078	3331.539	1356.261	1229.969
4/26/06	1480.98	1825.035	1702.458	558.947	3335.151	1360.446	1233.258
4/27/06	1470.932	1826.936	1705.355	560.351	3371.305	1362.942	1237.863
4/28/06	1475.488	1823.894	1697.227	558.239	3336.864	1365.085	1238.714
5/1/06	1485.641	1827.079	1700.191	559.214	3375.529	1375.75	1233.515
5/2/06	1501.856	1848.752	1713.786	565.802	3410.248	1393.781	1240.44
5/3/06	1489.64	1827.451	1687.946	560.742	3397.642	1378.507	1235.64
5/4/06	1483.157	1852.355	1709.295	567.421	3400.186	1390.959	1240.096
5/5/06	1501.077	1878.673	1723.584	573.749	3436.353	1411.177	1253.215
5/8/06	1496.75	1874.688	1725.476	574.797	3500.201	1405.028	1252.521
5/9/06	1514.915	1892.117	1734.693	580.599	3496.802	1418.691	1252.843
5/10/06	1512.775	1885.53	1731.256	580.642	3470.191	1412.065	1250.605
5/11/06	1493.569	1883.189	1715.619	580.241	3438.899	1413.839	1234.74
5/12/06	1471.394	1850.593	1684.079	574.177	3398.748	1391.603	1220.539
5/15/06	1439.074	1811.381	1657.866	565.14	3391.78	1369.43	1223.292
5/16/06	1441.213	1820.473	1657.493	566.905	3323.254	1373.716	1221.023
5/17/06	1420.776	1753.44	1594.25	548.596	3359.815	1333.586	1200.385
5/18/06	1389.673	1752.281	1597.51	549.406	3278.829	1335.115	1192.249
5/19/06	1388.151	1750.731	1586.011	547.115	3244.42	1318.963	1197.072
5/22/06	1396.204	1717.429	1560.182	533.252	3198.304	1296.02	1192.123
5/23/06	1392.47	1766.203	1602.97	541.832	3148.195	1332.229	1186.693
5/24/06	1370.022	1730.393	1566.791	534.902	3170.024	1300.075	1188.478
5/25/06	1425.055	1760.507	1600.587	543.298	3139.24	1323.45	1202.109
5/26/06	1433.339	1787.69	1617.325	546.613	3180.952	1338.774	1208.821
5/29/06	1449.816	1783.837	1613.384	547.458	3187.98	1341.553	1208.821
5/30/06	1437.535	1758.583	1592.122	542.188	3203.204	1328.181	1189.808
5/31/06	1434.227	1765.005	1605.479	550.318	3128.649	1333.448	1199.466
6/1/06	1447.836	1767.755	1607.026	552.181	3133.654	1337.035	1214.593
6/2/06	1460.677	1788.926	1614.203	556.228	3208.012	1354.39	1217.173
6/5/06	1429.115	1775.04	1596.327	555.447	3175.094	1346.767	1195.235
6/6/06	1407.813	1714.545	1544.308	541.326	3075.315	1312.251	1193.167
6/7/06	1387.409	1718.415	1549.673	544.64	3004.623	1316.658	1185.418
6/8/06	1367.019	1649.736	1485.955	527.974	2891.414	1272.299	1186.492
6/9/06	1383.507	1680.74	1509.508	535.113	2934.807	1296.872	1181.517
6/12/06	1366.384	1657.146	1482.815	527.276	2937.313	1288.718	1165.614
6/13/06	1319.779	1615.447	1449.098	519.065	2808.462	1261.741	1153.262
6/14/06	1327.791	1623.651	1458.449	519.587	2831.12	1266.133	1159.22
6/15/06	1352.2	1666.435	1494.579	528.642	2865.974	1294.463	1184.728
6/16/06	1345.931	1658.351	1482.614	525.173	2961.626	1289.346	1180.453
6/19/06	1319.203	1659.39	1490.706	519.546	2930.933	1286.897	1169.323
6/20/06	1326.464	1675.438	1507.73	522.908	2911.119	1296.653	1168.804
6/21/06	1354.096	1685.953	1519.035	528.135	2903.559	1298.893	1181.075
6/22/06	1341.634	1687.263	1519.83	526.613	2968.279	1293.545	1174.538
6/23/06	1348.307	1684.95	1511.636	525.704	2953.131	1289.129	1174.411
6/26/06	1365.718	1687.196	1511.912	525.203	2958.489	1285.774	1180.141
6/27/06	1356.406	1682.315	1501.825	524.54	2962.668	1283.764	1169.278
6/28/06	1357.71	1673.928	1492.053	523.174	2917.125	1284.445	1175.393
6/29/06	1395.261	1710.825	1527.87	530.944	2964.905	1306.529	1201.231
6/30/06	1408.683	1775.867	1586.719	546.987	3092.832	1343.103	1199.293
7/3/06	1409.443	1782.687	1598.096	551.059	3093.031	1350.561	1208.969
7/4/06	1434.064	1782.203	1602.513	552.018	3111.93	1352.324	1208.969
7/5/06	1410.561	1747.975	1563.346	541.71	3057.289	1330.149	1199.495
7/6/06	1411.638	1769.981	1586.254	547.528	3038.972	1345.868	1202.29
7/7/06	1411.628	1775.364	1590.047	548.75	3073.306	1355.366	1193.879
7/10/06	1399.758	1773.129	1586.215	547.808	3113.257	1349.758	1195.062
7/11/06	1408.655	1750.887	1562.857	542.921	3090.838	1342.035	1199.742
7/12/06	1397.813	1753.149	1560.496	541.295	3014.67	1335.008	1186.494
7/13/06	1383.721	1723.455	1529.49	534.167	2998.308	1320.396	1170.903
7/14/06	1391.985	1692.446	1492.995	526.994	2914.191	1301.294	1164.543
7/17/06	1366.624	1663.673	1476.07	519.943	2894.287	1288.269	1162.856
7/18/06	1366.317	1652.93	1468.445	517.22	2804.189	1287.543	1164.886
7/19/06	1387.179	1703.176	1517.702	531.268	2815.123	1319.388	1186.91
7/20/06	1366.096	1720.833	1529.735	533.493	2923.11	1326.66	1175.858
7/21/06	1355.462	1708.653	1507.365	531.792	2916.55	1320.672	1166.66
7/24/06	1374.269	1733.049	1535.243	537.331	2899.714	1339.894	1186.278
7/25/06	1392.94	1739.36	1533.433	534.984	2938.82	1341.209	1194.714
7/26/06	1408.296	1743.013	1536.73	536.453	2913.383	1346.445	1194.15
7/27/06	1402.384	1778.76	1571.91	546.27	2991.781	1371.195	1188.534
7/28/06	1413.489	1792.542	1587.716	551.063	3047.961	1381.579	1203.351
7/31/06	1411.323	1785.922	1580.941	549.483	3075.62	1372.845	1202.076
8/1/06	1414.879	1762.106	1556.138	543.834	3047.261	1362.9	1196.229
8/2/06	1436.604	1796.171	1588.013	553.129	3065.801	1382.487	1203.548
8/3/06	1431.496	1778.776	1574.586	548.322	3055.652	1368.749	1205.341
8/4/06	1427.628	1810.187	1610.884	559.031	3081.577	1396.748	1204.267
8/7/06	1438.147	1776.806	1579.628	552.057	2999.656	1382.002	1200.968
8/8/06	1446.413	1776.275	1583.976	552.938	3044.274	1378.218	1196.341
8/9/06	1447.957	1801.072	1602.547	558.41	3073.298	1388.829	1190.8
8/10/06	1435.294	1767.883	1570.197	550.35	3072.656	1367.415	1196.219
8/11/06	1440.541	1769.577	1569.415	549.83	3044.808	1369.604	1191.084
8/14/06	1421.993	1787.795	1584.172	552.362	3078.865	1377.769	1192.541
8/15/06	1439.293	1816.986	1612.9	554.182	3097.134	1387.088	1209.342
8/16/06	1453.826	1836.473	1632.179	563.213	3151.736	1390.974	1219.353
8/17/06	1456.616	1842.703	1640.141	566.174	3163.138	1387.605	1221.296
8/18/06	1445.915	1832.246	1630.202	565.473	3175.498	1378.953	1225.848
8/21/06	1466.789	1836.079	1635.85	568.156	3137.078	1394.365	1221.09
8/22/06	1478.116	1830.584	1628.137	565.783	3157.009	1385.305	1222.159
8/23/06	1487.947	1813.755	1614.216	560.703	3152.358	1379.181	1216.343
8/24/06	1473.319	1824.731	1623.893	567.91	3123.293	1379.629	1219.271
8/25/06	1472.512	1818.631	1617.609	566.366	3090.585	1377.725	1218.365
8/28/06	1477.159	1837.703	1634.905	569.135	3058.951	1385.76	1224.902
8/29/06	1463.437	1835.819	1628.452	567.467	3096.468	1385.206	1227.53
8/30/06	1465.342	1855.565	1644.756	574.063	3085.326	1404.23	1228.025
8/31/06	1465.671	1844.734	1638.361	572.203	3121.392	1396.462	1228.159
9/1/06	1480.521	1853.791	1643.85	575.661	3119.006	1407.422	1234.918
9/4/06	1479.718	1869.793	1661.551	579.435	3187.554	1417.036	1234.918
9/5/06	1478.004	1850.435	1646.988	575.55	3185.376	1406.848	1237.325
9/6/06	1459.667	1828.184	1625.813	570.381	3153.778	1386.107	1224.675
9/7/06	1440.259	1799.922	1606.837	565.498	3100.527	1364.229	1218.954
9/8/06	1423.45	1796.137	1604.542	565.23	3104.988	1363.003	1223.433
9/11/06	1393.16	1792.674	1607.515	564.137	3033.847	1354.757	1223.751
9/12/06	1401.625	1816.142	1627.887	567.373	3014.038	1374.662	1236.894
9/13/06	1409.372	1819.01	1635.945	567.094	3017.5	1374.121	1241.734
9/14/06	1398.904	1825.084	1645.445	569.076	3052.537	1383.164	1239.695
9/15/06	1394.462	1819.08	1640.727	563.472	3038.246	1374.378	1242.961
9/18/06	1413.631	1825.208	1643.086	564.883	3027.432	1375.695	1244.199
9/19/06	1400.98	1817.931	1630.687	561.99	3045.295	1370.284	1241.313
9/20/06	1386.586	1843.761	1652.241	567.665	3000.82	1379.742	1247.626
9/21/06	1392.362	1852.167	1656.321	571.254	3033.629	1392.276	1240.751
9/22/06	1390.082	1841.656	1645.662	569.247	3011.553	1379.811	1237.466
9/25/06	1394.297	1832.936	1642.604	565.999	2998.243	1371.998	1248.457
9/26/06	1402.45	1849.835	1650.648	567.434	2966.314	1386.242	1257.909
9/27/06	1419.669	1862.996	1663.278	570.421	3037.566	1394.576	1258.631
9/28/06	1431.783	1863.555	1661.318	571.143	3047.096	1393.216	1261.145
9/29/06	1419.267	1860.637	1663.04	571.37	3057.401	1387.561	1257.932
10/2/06	1421.68	1869.219	1672.694	574.369	3094.046	1399.261	1253.462
10/3/06	1384.491	1859.018	1668.481	573.612	3076.484	1397.422	1255.774
10/4/06	1387.926	1863.158	1677.587	575.618	3046.663	1401.185	1271.108
10/5/06	1404.115	1875.268	1686.417	579.292	3116.417	1404.818	1274.719
10/6/06	1395.414	1857.834	1674.575	574.552	3088.145	1399.15	1270.938
10/9/06	1401.57	1859.944	1677.353	577.055	3083.997	1401.011	1272.638
10/10/06	1398.507	1859.592	1678.194	578.061	3075.737	1403.278	1275.535
10/11/06	1372.912	1862.161	1680.273	582.114	3058.405	1404.733	1272.055
10/12/06	1387.798	1875.967	1689.8	583.237	3045.956	1415.986	1284.265
10/13/06	1408.873	1866.757	1686.4	579.454	3062.647	1422.982	1287.222
10/16/06	1427.944	1873.562	1692.146	580.95	3110.951	1430.227	1290.864
10/17/06	1418.35	1856.718	1675.545	575.318	3109.946	1421.916	1285.735
10/18/06	1418.096	1873.822	1690.073	579.104	3101.164	1430.131	1287.498
10/19/06	1432.45	1886.257	1699.384	581.976	3110.875	1437.821	1288.711
10/20/06	1441.656	1893.222	1708.385	582.552	3117.911	1441.643	1289.549
10/23/06	1449.927	1898.002	1712.35	578.732	3131.875	1437.087	1297.56
10/24/06	1456.463	1896.389	1713.05	577.656	3135.806	1441.346	1297.652
10/25/06	1479.888	1908.885	1723.259	581.43	3127.56	1452.63	1302.37
10/26/06	1475.497	1925.908	1739.483	583.324	3164.315	1454.329	1310.27
10/27/06	1477.752	1920.534	1741.078	586.417	3164.189	1454.897	1299.126
10/30/06	1473.071	1906.996	1736.98	587.44	3109.419	1451.139	1299.587
10/31/06	1486.076	1910.637	1746.344	592.258	3110.494	1455.772	1299.627
11/1/06	1452.604	1919.851	1753.513	595.683	3124.576	1459.417	1289.677
11/2/06	1460.492	1898.234	1735.059	592.723	3115.029	1459.116	1289.135
11/3/06	1479.558	1899.13	1731.495	593.095	3089.7	1453.704	1286.442
11/6/06	1489.254	1923.182	1757.518	599.039	3078.563	1468.385	1301.032
11/7/06	1489.17	1949.363	1779.284	604.965	3105.287	1483.461	1303.733
11/8/06	1498.491	1943.606	1770.173	603.535	3060.361	1477.205	1306.971
11/9/06	1500.298	1954.621	1777.007	603.458	3035.315	1472.248	1300.149
11/10/06	1492.57	1964.593	1786.58	609.19	3041.931	1477.961	1302.582
11/13/06	1484.133	1971.696	1790.25	608.394	3005.129	1468.806	1305.679
11/14/06	1479.796	1965.973	1787.254	607.091	3065.742	1460.146	1314.207
11/15/06	1492.996	1977.591	1797.574	611.714	3048.531	1465.852	1317.603
11/16/06	1484.624	1976.813	1801.321	611.468	3027.852	1472.715	1320.392
11/17/06	1480.76	1956.823	1794.639	610.49	3023.981	1462.243	1321.687
11/20/06	1480.575	1960.454	1802.782	610.326	2938.156	1466.975	1321.414
11/21/06	1503.01	1963.679	1807.384	611.417	2945.526	1468.579	1323.644
11/22/06	1506.506	1979.514	1827.671	617.122	3013.527	1469.162	1327.055
11/23/06	1517.639	1972.488	1829.764	617.973	3025.723	1465.451	1327.055
11/24/06	1524.938	1981.979	1832.221	621.216	3003.442	1473.515	1322.513
11/27/06	1516.991	1955.589	1803.546	613.638	3024.31	1460.613	1304.078
11/28/06	1514.316	1956.876	1802.458	616.197	3021.261	1463.148	1308.493
11/29/06	1523.308	1985.845	1828.177	623.215	3072.55	1479.665	1320.914
11/30/06	1526.191	1982.062	1826.607	623.31	3131.902	1484.853	1322.19
12/1/06	1525.481	1965.774	1818.55	621.434	3147.811	1488.447	1319.039
12/4/06	1534.715	1979.719	1832.392	624.181	3145.099	1493.854	1330.576
12/5/06	1544.764	2000.242	1850.941	626.76	3139.013	1497.287	1335.662
12/6/06	1538.726	1998.06	1852.565	628.263	3176.762	1497.816	1333.835
12/7/06	1537.642	2006.672	1862.332	629.998	3185.607	1503.503	1328.319
12/8/06	1537.612	2011.648	1869.099	630.786	3164.627	1510.807	1330.402
12/11/06	1533.435	2012.47	1867.301	629.225	3144.924	1503.158	1333.312
12/12/06	1524.337	2016.014	1872.243	630.418	3161.883	1511.52	1331.666
12/13/06	1528.75	2029.911	1882.963	631.872	3161.905	1520.939	1333.023
12/14/06	1538.813	2035.149	1885.057	629.529	3178.713	1525.813	1344.186
12/15/06	1515.786	2034.008	1884.279	629.729	3188.22	1524.699	1345.379
12/18/06	1506.919	2027.602	1884.131	628.203	3192.819	1517.238	1340.503
12/19/06	1508.303	2025.657	1885.537	631.167	3155.281	1520.698	1343.249
12/20/06	1519.677	2040.09	1897.356	632.429	3191.133	1521.631	1341.472
12/21/06	1504.062	2035.75	1891.741	630.877	3200.986	1515.765	1336.445
12/22/06	1495.865	2014.366	1870.994	624.093	3196.595	1516.241	1329.523
12/25/06	1495.865	2014.366	1870.994	624.093	3185.256	1516.241	1329.523
12/26/06	1492.577	2011.227	1868.079	623.12	3194.597	1513.766	1334.964
12/27/06	1509.844	2040.278	1895.841	630.894	3210.694	1525.416	1344.277
12/28/06	1517.819	2041.533	1899.427	633.049	3207.845	1528.461	1342.206
12/29/06	1512.942	2051.593	1902.101	635.999	3208.285	1521.541	1336.295
1/1/07	1512.942	2051.593	1902.101	635.999	3208.285	1521.541	1336.295
1/2/07	1513.691	2093.475	1939.899	647.626	3217.195	1555.808	1336.295
1/3/07	1482.268	2078.867	1931.292	644.575	3202.641	1542.382	1335.077
1/4/07	1458.377	2048.915	1910.501	636.696	3240.027	1528.808	1337.39
1/5/07	1448.201	2015.245	1874.393	628.431	3206.362	1499.698	1329.046
1/8/07	1455.88	2017.714	1881.6	627.353	3210.148	1499.123	1331.845
1/9/07	1442.851	2021.005	1882.09	628.379	3218.794	1504.187	1331.698
1/10/07	1441.572	2001.345	1860.056	621.473	3155.843	1490.982	1335.2
1/11/07	1448.709	2031.682	1885.481	627.553	3121.537	1511.957	1344.477
1/12/07	1477.005	2040.911	1896.425	632.077	3177.407	1528.723	1351.073
1/15/07	1489.378	2045.841	1904.55	635.55	3208.037	1540.046	1351.073
1/16/07	1477.736	2031.057	1899.72	632.917	3199.615	1524.691	1352.523
1/17/07	1477.205	2024.274	1897.78	628.487	3213.352	1530.011	1351.271
1/18/07	1464.781	2021.438	1894.473	628.175	3209.018	1532.145	1346.76
1/19/07	1478.086	2040.591	1910.017	634.008	3203.832	1540.256	1350.879
1/22/07	1474.252	2029.916	1895.507	632.847	3227.202	1537.365	1343.767
1/23/07	1491.058	2039.235	1904.383	637.991	3234.16	1546.836	1348.655
1/24/07	1501.67	2051.159	1913.733	641.226	3261.51	1550.59	1360.416
1/25/07	1497.092	2042.675	1909.015	639.959	3246.781	1544.375	1345.16
1/26/07	1498.476	2021.878	1885.644	632.03	3229.686	1525.825	1343.541
1/29/07	1493.254	2039.76	1899.736	633.762	3231.133	1527.392	1342.4
1/30/07	1504.107	2052.523	1919.811	635.623	3237.234	1530.76	1350.112
1/31/07	1506.983	2045.204	1925.289	635.608	3235.268	1518.688	1359.127
2/1/07	1527.052	2068.674	1947.494	640.614	3277.299	1548.388	1366.269
2/2/07	1514.238	2066.438	1949.739	640.76	3268.287	1553.701	1368.902
2/5/07	1521.347	2060.895	1940.202	639.756	3239.734	1549.319	1367.861
2/6/07	1522.485	2064.519	1944.454	639.693	3266.487	1562.908	1369.05
2/7/07	1515.647	2084.188	1966.272	646.065	3253.827	1569.333	1371.454
2/8/07	1520.406	2073.878	1959.184	641.734	3226.64	1554.474	1369.859
2/9/07	1520.812	2077.091	1962.817	643.489	3258.72	1555.344	1359.746
2/12/07	1517.486	2054.032	1943.702	638.2	3255.778	1547.367	1354.808
2/13/07	1543.1	2075.249	1961.698	643.73	3292.418	1550.674	1365.22
2/14/07	1547.795	2109.553	1998.541	652.813	3326.582	1574.345	1375.786
2/15/07	1561.532	2111.147	2001.126	653.545	3384.783	1572.123	1377.501
2/16/07	1563.362	2104.234	1996.451	652.66	3383.742	1565.61	1376.54
2/19/07	1560.077	2117.703	2007.93	655.276	3382.288	1570.24	1376.54
2/20/07	1560.373	2110.568	2011.451	650.186	3376.906	1569.803	1380.838
2/21/07	1568.85	2100.977	1996.258	643.385	3358.412	1552.436	1379.126
2/22/07	1565.069	2102.269	2002.081	644.55	3375.818	1558.108	1377.982
2/23/07	1570.817	2115.072	2017.621	647.11	3409.544	1570.869	1373.186
2/26/07	1576.933	2130.335	2028.169	652.284	3429.974	1578.938	1371.379
2/27/07	1527.01	2076.088	1977.013	637.81	3471.577	1543.973	1324.242
2/28/07	1515.979	2045.787	1942.786	628.749	3364.836	1512.037	1331.224
3/1/07	1506.995	2017.455	1915.038	619.396	3360.841	1497.18	1327.76
3/2/07	1489.414	2007.892	1906.143	617.877	3341.102	1487.428	1312.143
3/5/07	1469.687	1981.043	1875.409	608.529	3256.183	1459.139	1298.972
3/6/07	1492.222	2000.352	1894.971	611.868	3308.91	1478.344	1319.196
3/7/07	1502.597	2015.255	1910.642	613.662	3293.468	1487.273	1316.121
3/8/07	1507.872	2037.212	1935.297	620.339	3333.75	1504.295	1325.45
3/9/07	1518.151	2040.208	1935.595	618.722	3329.14	1509.918	1326.477
3/12/07	1525.511	2036.359	1946.019	619	3366.794	1505.041	1330.21
3/13/07	1495.532	2014.736	1922.802	614.48	3352.665	1490.292	1303.413
3/14/07	1489.27	1968.123	1875.738	601.021	3269.634	1452.451	1311.669
3/15/07	1495.132	2008.435	1918.492	611.889	3283.794	1486.616	1316.857
3/16/07	1490.855	2015.918	1926.978	613.573	3264.911	1490.614	1311.852
3/19/07	1512.205	2041.852	1953.714	622.382	3280.255	1508.13	1326.456
3/20/07	1522.184	2057.054	1962.886	622.309	3315.158	1525.275	1334.966
3/21/07	1552.248	2061.232	1967.991	626.031	3300.95	1536.258	1357.69
3/22/07	1548.357	2103.24	2018.077	641.181	3349.788	1557.003	1357.21
3/23/07	1557.573	2107.159	2023.273	642.19	3369.012	1558.674	1358.358
3/26/07	1564.855	2091.745	2005.765	636.653	3365.101	1552.001	1359.502
3/27/07	1556.91	2097.059	2017.897	637.074	3332.216	1549.807	1351.061
3/28/07	1556.543	2086.884	2006.909	635.752	3346.662	1543.738	1340.377
3/29/07	1560.953	2110.619	2026.153	642.646	3306.196	1555.366	1345.194
3/30/07	1554.946	2108.763	2027.862	641.659	3303.138	1550.598	1343.991
4/2/07	1565.564	2124.074	2044.472	649.474	3251.375	1566.605	1347.786
4/3/07	1577.495	2148.576	2075.643	655.388	3268.797	1579.774	1360.396
4/4/07	1586.376	2158.149	2082.629	655.615	3323.747	1578.314	1361.978
4/5/07	1593.465	2170.838	2095.761	659.418	3304.705	1581.957	1366.119
4/6/07	1593.465	2170.838	2095.761	659.418	3296.904	1581.957	1366.119
4/9/07	1598.609	2159.528	2084.843	655.983	3317.212	1573.975	1366.932
4/10/07	1596.971	2180.01	2117.631	665.914	3317.812	1587.792	1370.359
4/11/07	1596.476	2172.744	2113.517	664.186	3317.613	1591.211	1361.118
4/12/07	1620.432	2180.254	2117.827	665.639	3301.387	1591.839	1369.412
4/13/07	1629.195	2197.89	2139.998	670.313	3251.705	1605.717	1374.179
4/16/07	1646.198	2230.222	2182.692	678.587	3279.995	1624.614	1388.739
4/17/07	1644.959	2233.042	2190.435	680.164	3278.393	1632.404	1391.613
4/18/07	1654.573	2226.16	2173.733	678.168	3333.879	1620.688	1392.356
4/19/07	1637.479	2227.229	2159.587	674.496	3287.58	1615.983	1390.037
4/20/07	1653.531	2263.803	2186.668	682.534	3277.179	1627.383	1402.565
4/23/07	1648.711	2251.696	2180.188	677.965	3274.793	1623.62	1399.696
4/24/07	1645.843	2249.423	2168.979	677.783	3280.682	1612.279	1399.328
4/25/07	1664.892	2276.815	2196.114	686.943	3240.727	1623.184	1413.053
4/26/07	1648.014	2265.981	2200.631	686.088	3248.216	1613.668	1412.399
4/27/07	1661.984	2269.05	2199.224	685.422	3238.96	1609.691	1412.089
4/30/07	1647.72	2277.723	2203.62	686.832	3237.74	1615.566	1400.303
5/1/07	1641.331	2269.211	2195.385	684.266	3215.553	1608.181	1404.189
5/2/07	1664.624	2280.137	2208.609	685.54	3227.023	1616.54	1413.813
5/3/07	1681.016	2278.654	2202.262	681.382	3221.124	1627.875	1419.612
5/4/07	1688.935	2305.562	2207.169	686.697	3224.071	1648.352	1422.467
5/7/07	1708.902	2311.926	2214.458	688.76	3288.973	1651.538	1425.822
5/8/07	1711.951	2281.07	2173.862	679.375	3289.463	1633.268	1424.207
5/9/07	1707.421	2291.826	2184.987	684.068	3318.938	1638.067	1429.068
5/10/07	1700.522	2271.603	2160.483	675.57	3282.155	1620.68	1409.139
5/11/07	1711.905	2286.229	2176.559	679.375	3265.58	1628.775	1422.89
5/14/07	1711.01	2279.005	2173.763	680.494	3277.259	1625.096	1419.985
5/15/07	1728.842	2296.515	2195.599	689.552	3246.861	1631.558	1417.687
5/16/07	1735.042	2280.448	2186.15	685.175	3236.464	1628.063	1429.527
5/17/07	1751.966	2270.045	2178.037	683.763	3213.167	1627.559	1427.924
5/18/07	1763.123	2299.189	2208.691	689.726	3196.506	1641.523	1437.134
5/21/07	1772.554	2288.573	2205.053	674.63	3214.882	1636.391	1439.882
5/22/07	1769.46	2291.437	2217.98	672.162	3256.524	1632.465	1439.542
5/23/07	1780.278	2306.675	2243.894	677.841	3269.536	1646.854	1437.466
5/24/07	1753.943	2271.282	2222.203	665.448	3268.178	1631.696	1423.038
5/25/07	1767.82	2278.646	2230.076	667.37	3220.846	1631.535	1430.889
5/28/07	1772.838	2283.825	2230.076	669.696	3237.115	1631.535	1430.889
5/29/07	1771.463	2283.544	2247.24	667.804	3259.089	1637.318	1433.867
5/30/07	1782.81	2268.622	2233.408	665.084	3255.109	1629.915	1445.634
5/31/07	1785.708	2296.97	2271.477	667.73	3289.888	1637.136	1446.191
6/1/07	1803.037	2312.514	2294.607	664.873	3308.448	1651.574	1451.593
6/4/07	1817.417	2310.157	2303.938	663.669	3325.644	1658.128	1454.541
6/5/07	1810.524	2298.699	2296.728	668.234	3336.505	1651.831	1446.745
6/6/07	1786.528	2254.43	2236.243	657.573	3356.88	1623.302	1433.594
6/7/07	1752.045	2215.221	2198.901	650.109	3345.515	1609.465	1408.036
6/8/07	1766.66	2195.155	2174.045	641.836	3293.926	1598.454	1424.112
6/11/07	1769.544	2214.284	2205.395	642.79	3299.486	1612.479	1425.466
6/12/07	1752.894	2192.056	2192.343	639.108	3283.705	1606.74	1410.496
6/13/07	1767.438	2203.878	2190.726	642.561	3256.567	1615.483	1431.644
6/14/07	1784.039	2246.228	2238.474	653.456	3260.458	1635.245	1438.727
6/15/07	1810.485	2276.719	2298.002	663.567	3274.267	1661.252	1448.226
6/18/07	1799.231	2274.753	2304.736	658.599	3300.535	1657.337	1446.467
6/19/07	1807.257	2271.637	2306.225	661.417	3296.049	1649.225	1449.007
6/20/07	1784.487	2279.053	2323.464	661.174	3295.582	1653.224	1429.475
6/21/07	1790.805	2250.527	2283.758	654.414	3305.081	1638.682	1438.19
6/22/07	1782.244	2251.218	2284.887	651.432	3273.348	1634.886	1420.231
6/25/07	1756.545	2247.977	2283.494	651.898	3259.839	1640.563	1414.956
6/26/07	1737.304	2229.64	2263.292	644.907	3277.882	1635.711	1410.297
6/27/07	1743.802	2221.234	2241.495	640.532	3244.792	1626.321	1423.216
6/28/07	1753.572	2251.478	2282.837	645.694	3247.28	1642.281	1422.576
6/29/07	1779.528	2275.981	2313.728	651.318	3280.023	1653.848	1420.267
7/2/07	1796.927	2285.636	2322.543	658.029	3323.18	1656.003	1435.752
7/3/07	1801.56	2299.22	2347.997	663.263	3326.853	1671.537	1440.697
7/4/07	1807.69	2311.629	2358.843	664.057	3320.371	1679.165	1440.697
7/5/07	1808.35	2295.116	2331.456	657.377	3324.79	1665.665	1441.631
7/6/07	1830.593	2316.613	2354.297	662.223	3299.015	1681.09	1446.848
7/9/07	1836.69	2317.769	2363.221	666.242	3321.125	1687.756	1447.627
7/10/07	1826.208	2300.853	2346.848	662.76	3347.841	1674.671	1427.063
7/11/07	1820.817	2303.575	2336.009	661.25	3313.649	1678.631	1434.81
7/12/07	1864.746	2340.716	2380.345	666.099	3287.897	1694.078	1461.32
7/13/07	1884.191	2347.036	2391.56	669.303	3335.321	1701.848	1466.058
7/16/07	1871.744	2347.775	2393.577	670.905	3339.966	1700.653	1463.551
7/17/07	1878.539	2338.874	2373.85	667.723	3325.451	1697.359	1464.003
7/18/07	1908.658	2304.17	2336.251	663.663	3299.734	1681.093	1460.785
7/19/07	1915.33	2333.946	2367.354	670.004	3311.436	1697.87	1467.371
7/20/07	1908.824	2296.316	2335.269	660.757	3351.483	1689.082	1449.742
7/23/07	1890.976	2312.996	2353.535	663.844	3313.849	1700.029	1456.331
7/24/07	1844.667	2275.668	2314.508	652.056	3348.055	1670.521	1427.551
7/25/07	1841.711	2230.087	2260.559	639.892	3336.259	1648.736	1433.273
7/26/07	1797.542	2168.491	2206.583	626.998	3331.093	1594.408	1400.051
7/27/07	1772.485	2147.543	2183.423	621.993	3272.735	1574.33	1378.397
7/30/07	1772.295	2153.652	2189.961	622.004	3292.551	1567.416	1392.353
7/31/07	1773.671	2193.958	2229.013	632.644	3273.24	1611.747	1374.905
8/1/07	1759.155	2154.504	2196.354	619.205	3216.651	1582.745	1384.052
8/2/07	1789.625	2164.93	2213.98	624.145	3206.614	1597.515	1390.647
8/3/07	1752.637	2148.293	2200.446	623.256	3234.01	1584.349	1354.209
8/6/07	1754.468	2125.632	2206.102	620.768	3239.295	1569.162	1385.672
8/7/07	1750.912	2153.229	2219.877	630.681	3211.195	1591.099	1394.711
8/8/07	1790.76	2212.422	2255.75	644.791	3195.007	1626.263	1414.934
8/9/07	1742.189	2149.592	2194.093	630.228	3249.334	1587.637	1374.156
8/10/07	1743.754	2079.104	2154.892	612.082	3176.694	1522.544	1373.855
8/13/07	1743.306	2113.614	2183.13	618.036	3156.75	1561.358	1372.986
8/14/07	1699.708	2073.477	2162.992	610.765	3178.518	1533.328	1348.262
8/15/07	1657.792	2044.183	2149.69	606.175	3112.367	1518.348	1328.759
8/16/07	1636.536	1965.577	2083.735	584.402	3140.042	1449.813	1331.574
8/17/07	1686.322	2017.41	2131.506	601.16	2968.92	1502.292	1364.249
8/20/07	1697.872	2026.253	2136.141	602.401	3034.805	1505.543	1364.329
8/21/07	1715.489	2035.824	2143.608	603.486	3100.722	1504.844	1366.433
8/22/07	1739.216	2077.892	2173.145	614.895	3074.15	1538.158	1382.586
8/23/07	1752.392	2089.433	2187.119	619.945	3136.182	1549.303	1381.112
8/24/07	1762.121	2118.161	2196.603	626.54	3131.216	1559.521	1396.875
8/27/07	1757.579	2126.392	2191.065	626.603	3131.611	1563.247	1384.997
8/28/07	1711.775	2082.292	2173.003	614.537	3154.576	1530	1352.677
8/29/07	1742.208	2100.028	2175.656	619.567	3096.877	1541.822	1382.099
8/30/07	1743.45	2126.156	2198.366	624.365	3099.365	1562.688	1376.873
8/31/07	1771.194	2152.99	2232.706	629.871	3176.579	1587.375	1392.879
9/3/07	1780.789	2146.364	2233.355	630.399	3171.223	1590.817	1392.879
9/4/07	1792.48	2150.939	2250.558	630.016	3143.732	1600.948	1407.805
9/5/07	1783.57	2113.875	2222.851	617.763	3115.646	1581.915	1392.201
9/6/07	1796.033	2130.009	2238.966	621.344	3119.581	1594.46	1397.804
9/7/07	1776.82	2085.292	2196.446	610.183	3142.379	1566.453	1374.286
9/10/07	1768.162	2071.62	2181.649	610.883	3080.682	1554.524	1372.158
9/11/07	1794.801	2113.364	2213.2	619.559	3073.3	1591.878	1390.77
9/12/07	1814.804	2130.907	2227.513	624.771	3064.356	1598.734	1390.668
9/13/07	1835.052	2151.843	2245.791	631.093	3022.795	1609.861	1402.268
9/14/07	1837.235	2138.826	2231.681	625.728	3079.083	1579.216	1402.671
9/17/07	1839.985	2099.926	2223.863	619.934	3080.421	1545.056	1395.173
9/18/07	1878.58	2142.089	2253.189	630.29	2992.474	1565.201	1435.52
9/19/07	1880.874	2225.908	2322.527	648.225	3095.934	1610.298	1443.968
9/20/07	1893.263	2230.93	2339.709	648.898	3143.444	1614.74	1434.424
9/21/07	1909.618	2238.895	2360.153	648.926	3092.756	1627.388	1441.077
9/24/07	1909.61	2234.781	2356.448	649.65	3104.592	1629.341	1434.005
9/25/07	1915.416	2219.777	2353.556	646.512	3154.301	1606.839	1433.752
9/26/07	1910.217	2237.135	2363.535	652.287	3132.533	1615.097	1441.278
9/27/07	1931.057	2258.99	2384.804	653.484	3212.017	1636.448	1447.769
9/28/07	1941.287	2263.935	2398.663	653.455	3233.927	1642.141	1443.577
10/1/07	1958.694	2289.453	2421.305	663.086	3214.292	1657.298	1462.705
10/2/07	1940.66	2285.393	2413.497	659.409	3254.816	1655.137	1462.611
10/3/07	1930.494	2287.531	2417.385	658.677	3276.067	1660.726	1455.768
10/4/07	1940.024	2284.799	2411.745	660.491	3265.921	1667.516	1459.002
10/5/07	1991.27	2301.618	2435.066	664.347	3261.065	1679.139	1473.285
10/8/07	1982.177	2285.629	2413.314	658.652	3236.657	1662.053	1468.49
10/9/07	1988.485	2301.969	2420.184	666.121	3256.741	1676.95	1480.242
10/10/07	1992.992	2306.017	2435.938	666.642	3251.327	1689.223	1478.457
10/11/07	2003.462	2328.45	2466.436	672.234	3276.116	1707.343	1470.742
10/12/07	2012.107	2309.517	2458.697	671.037	3247.332	1705.476	1478.114
10/15/07	2002.661	2303.23	2445.371	664.33	3241.094	1690.646	1465.466
10/16/07	1979.862	2277.818	2427.266	658.992	3204.279	1674.604	1455.425
10/17/07	2001.651	2300.575	2443.096	657.99	3153.378	1695.063	1458.02
10/18/07	2014.937	2292.8	2435.756	656.752	3213.415	1684.423	1456.816
10/19/07	1989.509	2276.83	2418.89	655.566	3180.862	1664.01	1419.485
10/22/07	1969.236	2228.846	2373.768	640.358	3146.158	1632.449	1426.043
10/23/07	2000.764	2261.497	2406.954	647.155	3142.54	1663.229	1438.473
10/24/07	1992.802	2248.329	2401.189	643.385	3144.981	1653.417	1435.016
10/25/07	2004.055	2293.733	2446.268	655.229	3104.729	1679.183	1433.403
10/26/07	2042.838	2320.595	2468.359	663.435	3166.49	1701.178	1453.069
10/29/07	2079.045	2340.263	2492.206	666.49	3220.138	1719.435	1458.855
10/30/07	2063.092	2325.378	2486.377	667.726	3215.125	1712.343	1449.15
10/31/07	2120.963	2350.367	2510.302	675.273	3220.776	1737.313	1466.404
11/1/07	2081.502	2300.224	2461.262	660.697	3266.047	1707.158	1428.512
11/2/07	2114.763	2303.163	2460.081	662.476	3197.091	1692.704	1429.432
11/5/07	2104.232	2287.003	2442.449	657.831	3153.625	1675.222	1421.838
11/6/07	2144.627	2307.45	2463.6	661.361	3153.996	1683.608	1439.194
11/7/07	2128.426	2314.637	2474.51	664.444	3150.827	1673.447	1397.881
11/8/07	2105.521	2298.054	2483.099	653.548	3084.45	1675.096	1396.549
11/9/07	2031.199	2250.881	2476.015	640.932	3094.54	1644.329	1376.488
11/12/07	1941.622	2233.116	2445.89	640.626	3053.288	1624.653	1361.686
11/13/07	1961.362	2245.305	2445.092	648.117	3024.697	1641.939	1401.375
11/14/07	1983.46	2290.379	2463.975	654.487	3079.82	1653.766	1391.399
11/15/07	1901.192	2255.289	2415.578	649.518	3091.295	1618.484	1373.582
11/16/07	1907.734	2240.393	2396.849	652.397	3042.291	1601.484	1380.9
11/19/07	1870.472	2206.05	2362.479	638.68	3025.041	1561.975	1357.132
11/20/07	1883.508	2254.812	2420.071	649.617	3055.672	1598.374	1362.511
11/21/07	1849.209	2208.773	2387.399	642.114	3036.803	1551.854	1341.422
11/22/07	1869.16	2225.556	2403.261	643.911	3031.71	1577.792	1341.422
11/23/07	1876.546	2263.13	2411.73	652.452	3047.29	1599.667	1363.259
11/26/07	1862.139	2245.382	2407.139	648.928	3104.611	1589.003	1332.487
11/27/07	1858.119	2237.776	2398.877	649.352	3117.134	1578.241	1351.904
11/28/07	1899.477	2274.253	2446.329	657.414	3069.199	1621.764	1389.968
11/29/07	1899.891	2292.374	2462.325	659.946	3160.091	1625.406	1390.901
11/30/07	1882.621	2308.095	2479.117	662.639	3161.211	1638.644	1401.262
12/3/07	1875.241	2289.479	2463.591	658.956	3171.014	1635.283	1393.51
12/4/07	1848.97	2269.599	2467.839	658.217	3160.057	1608.677	1384.493
12/5/07	1867.064	2299.526	2495.907	664.6	3144.606	1629.347	1405.236
12/6/07	1879.437	2299.103	2487.37	663.494	3188.612	1625.447	1426.523
12/7/07	1894.356	2323.448	2511.042	668.479	3200.861	1646.507	1424.86
12/10/07	1906.11	2344.436	2533.34	674.197	3192.08	1662.258	1435.749
12/11/07	1864.771	2331.946	2522.125	670.757	3215.03	1650.028	1399.699
12/12/07	1880.12	2337.304	2538.916	670.53	3173.671	1660.904	1407.758
12/13/07	1857.558	2263.811	2477.678	656.271	3093.125	1605.017	1409.37
12/14/07	1849.171	2243.024	2455.776	649.791	3030.151	1599.362	1390.097
12/17/07	1831.803	2196.974	2405.315	637.219	2976.498	1566.018	1369.016
12/18/07	1820.795	2198.007	2418.251	638.279	2969.682	1569.147	1377.231
12/19/07	1839.69	2190.463	2409.193	633.142	2941.877	1559.254	1375.863
12/20/07	1850.758	2189.585	2412.47	629.073	2958.332	1557.919	1383.446
12/21/07	1887.721	2230.019	2458.177	634.83	2959.198	1581.998	1406.054
12/24/07	1911.419	2240.056	2463.65	636.244	2947.037	1587.35	1417.294
12/25/07	1911.419	2240.056	2463.65	636.244	3005.182	1587.35	1417.294
12/26/07	1920.848	2255.453	2480.584	640.617	3034.827	1592.61	1418.457
12/27/07	1920.807	2270.778	2501.969	647.068	3015.529	1601.167	1398.427
12/28/07	1951.056	2292.472	2535.227	656.715	2996.842	1600.041	1400.261
12/31/07	1930.055	2275.125	2520.744	652.963	3034.398	1593.358	1390.914
1/1/08	1930.055	2275.125	2520.744	652.963	3034.398	1593.358	1390.914
1/2/08	1925.41	2266.031	2501.386	649.365	3088.587	1574.9	1371.474
1/3/08	1939.844	2261.222	2485.331	649.853	3095.355	1581.846	1371.138
1/4/08	1893.262	2225.324	2459.105	641.711	2998.752	1551.276	1337.072
1/7/08	1867.1	2214.725	2446.515	642.673	2941.957	1547.901	1340.624
1/8/08	1870.476	2232.146	2458.995	642.032	2939.137	1551.191	1315.833
1/9/08	1860.294	2196.086	2425.001	635.943	2988.024	1518.26	1332.908
1/10/08	1860.141	2188.151	2413.024	638.378	2938.739	1505.157	1343.206
1/11/08	1844.601	2184.368	2423.131	642.393	2901.051	1501.317	1324.88
1/14/08	1857.675	2214.546	2446.718	648.449	2928.18	1506.256	1339.42
1/15/08	1803.506	2146.5	2389.249	633.151	2907.863	1469.64	1306.131
1/16/08	1755.885	2112.75	2328.737	625.55	2804.105	1445.704	1298.604
1/17/08	1712.863	2089.102	2311.66	618.606	2856.058	1445.76	1261.026
1/18/08	1709.877	2053.537	2271.901	608.938	2879.052	1428.945	1253.598
1/21/08	1621.87	1897.773	2089.157	572.167	2808.328	1345.379	1253.598
1/22/08	1703.289	1959.228	2109.991	582.971	2620.72	1396.656	1239.993
1/23/08	1702.115	1872.249	2004.003	557.355	2713.375	1357.107	1266.171
1/24/08	1760.907	2004.278	2144.995	584.624	2761.481	1437.132	1279.994
1/25/08	1772.347	1989.397	2142.291	583.786	2876.215	1442.688	1259.864
1/28/08	1788.526	1989.698	2154.509	588.153	2772.2	1426.529	1282.352
1/29/08	1806.756	2025.096	2178.619	592.123	2846.202	1450.922	1290.049
1/30/08	1804.096	1999.116	2171.953	588.855	2816.112	1440.873	1283.311
1/31/08	1804.542	2000.23	2167.342	589.516	2895.583	1450.399	1304.908
2/1/08	1842.009	2048.877	2209.107	595.962	2877.066	1473.243	1321.782
2/4/08	1839.548	2048.263	2219.855	597.73	2923.822	1478.041	1308.075
2/5/08	1774.108	1944.915	2118.325	572.225	2900.473	1430.277	1266.774
2/6/08	1769.58	1961.705	2146.979	576.727	2782.216	1428.568	1256.817
2/7/08	1764.354	1903.235	2086.552	560.559	2800.824	1379.08	1266.4
2/8/08	1797.029	1898.016	2095.782	557.39	2737.771	1396.336	1261.959
2/11/08	1807.761	1886.879	2087.474	552.265	2755.594	1379.304	1269.705
2/12/08	1812.45	1962.927	2176.135	572.916	2741.324	1437.212	1278.265
2/13/08	1832.42	1965.886	2176.583	576.112	2721.368	1432.019	1295.871
2/14/08	1831.733	1975.109	2182.108	579.07	2824.438	1438.394	1278.403
2/15/08	1821.192	1949.991	2150.412	571.766	2845.067	1409.119	1279.244
2/18/08	1811.612	1980.264	2188.103	576.929	2826.915	1439.051	1279.244
2/19/08	1835.036	2003.74	2212.273	583.096	2871.594	1444.663	1278.241
2/20/08	1838.32	1966.355	2165.162	573.565	2766.936	1418.631	1288.941
2/21/08	1844.414	2006.311	2189.407	579.32	2847.994	1442.022	1272.551
2/22/08	1853.101	1996.747	2163.969	572.403	2833.615	1435.756	1282.354
2/25/08	1895.101	2038.994	2189.883	581.218	2876.278	1465.131	1300.475
2/26/08	1928.978	2069.15	2229.637	591.595	2876.562	1489.324	1309.416
2/27/08	1939.463	2095.945	2264.596	601.499	2941.142	1499.113	1307.65
2/28/08	1967.328	2064.137	2231.513	597.016	2933.32	1472.088	1296.189
2/29/08	1913.504	2033.343	2195.87	588.296	2914.739	1450.693	1261.497
3/3/08	1887.075	2016.486	2180.616	581.774	2812.831	1430.654	1262.152
3/4/08	1875.236	1993.533	2140.552	573.33	2819.008	1421.077	1257.755
3/5/08	1895.344	2034.819	2191.371	588.458	2785.908	1444.376	1264.729
3/6/08	1872.37	2011.22	2174.938	580.952	2859.398	1436.443	1236.874
3/7/08	1857.147	1984.701	2147.077	568.829	2769.255	1423.493	1226.26
3/10/08	1796.75	1962.077	2124.478	562.765	2746.11	1407.54	1206.559
3/11/08	1851.376	1983.309	2145.23	572.265	2742.58	1413.631	1251.234
3/12/08	1853.983	2034.296	2193.09	578.257	2800.767	1447.171	1240.767
3/13/08	1886.474	2014.976	2173.299	572.563	2759.998	1432.414	1247.72
3/14/08	1853.053	2003.162	2162.014	568.165	2719.408	1415.545	1222.131
3/17/08	1788.927	1951.722	2089.165	554.663	2703.446	1342.163	1210
3/18/08	1825.642	2019.245	2163.439	571.147	2697.744	1403.505	1260.684
3/19/08	1748.177	1987.812	2130.849	555.354	2743.238	1364.274	1230.015
3/20/08	1717.737	1949.057	2083.761	537.934	2758.929	1349.787	1258.702
3/21/08	1717.737	1949.057	2083.761	537.934	2809.503	1349.787	1258.702
3/24/08	1765.532	1946.276	2080.788	537.167	2764.085	1351.83	1278.713
3/25/08	1811.379	2042.489	2176.056	564.134	2829.713	1410.527	1282.821
3/26/08	1820.306	2059.133	2190.218	567.165	2844.883	1404.728	1272.078
3/27/08	1827.612	2083.419	2227.684	575.574	2795.521	1425.26	1257.448
3/28/08	1800.311	2068.088	2215.589	574.75	2841.078	1405.06	1247.333
3/31/08	1804.201	2084.27	2219.303	576.444	2772.671	1406.757	1254.78
4/1/08	1809.11	2117.108	2243.233	583.827	2746.952	1436.161	1299.179
4/2/08	1840.755	2139.491	2260.768	595.158	2846.547	1455.958	1297.026
4/3/08	1863.187	2129.543	2254.629	595.783	2898.881	1458.881	1299.068
4/4/08	1881.603	2150.551	2279.199	604.581	2894.588	1471.431	1300.618
4/7/08	1885.694	2166.705	2293.155	608.525	2906.786	1484.104	1302.59
4/8/08	1881.031	2151.566	2274.449	609.207	2855.024	1461.365	1296.646
4/9/08	1872.632	2144.382	2268.622	611.781	2817.561	1464.283	1285.818
4/10/08	1898.898	2138.484	2258.667	610.347	2823.656	1462.995	1292.376
4/11/08	1861.638	2115.022	2231.88	605.723	2889.82	1440.229	1265.884
4/14/08	1871.935	2103.989	2220.309	599.09	2824.098	1433.773	1261.741
4/15/08	1891.432	2106.066	2225.866	596.547	2830.626	1436.276	1267.356
4/16/08	1955.638	2159.841	2286.923	611.512	2866.953	1479.941	1296.438
4/17/08	1940.616	2157.168	2270.484	607.744	2888.106	1471.884	1296.862
4/18/08	1963.017	2175.236	2290.96	613.842	2855.056	1499.786	1319.89
4/21/08	1985.355	2178.92	2301.9	615.697	2959.07	1486.222	1318.373
4/22/08	1974.829	2170.44	2295.959	615.086	2909.935	1490.617	1307.052
4/23/08	1925.722	2187.726	2306.122	610.476	2904.917	1491.121	1310.742
4/24/08	1915.708	2156.223	2285.893	606.756	2878.079	1476.75	1318.563
4/25/08	1943.573	2171.834	2295.337	613.06	2946.884	1499.465	1327.207
4/28/08	1930.694	2184.404	2299.404	610.92	2983.759	1504.784	1325.764
4/29/08	1897.516	2164.082	2280.048	607.739	3016.089	1486.583	1320.085
4/30/08	1897.516	2164.082	2280.048	607.739	3016.089	1486.583	1320.085